n,tau,d,M,p95_nulo,potencia,wilson_inf,wilson_sup,auc_mediana,auc_q25,auc_q75,resub_gap_medio
41,0.5,0.0,500,0.6727182539682539,0.05,0.03409350665098192,0.07276865002683111,0.48058069381598795,0.434478021978022,0.5452346041055718,0.17801501879205517
41,0.5,0.2,500,0.6727182539682539,0.092,0.0696823665014548,0.12053932221976234,0.48763736263736257,0.4353049169859515,0.5762160633484164,0.18385215102190558
41,0.5,0.35,500,0.6727182539682539,0.106,0.08195666053446124,0.1360515388678906,0.5020075757575757,0.43951881451881447,0.6018612637362638,0.18519515626531483
41,0.5,0.5,500,0.6727182539682539,0.192,0.15987567270959485,0.22882109230544162,0.5622464503042596,0.4759615384615384,0.6446877664109121,0.16568433428279966
41,0.5,0.8,500,0.6727182539682539,0.388,0.34629528411824795,0.4314126304326744,0.6455535205535206,0.5490364414996768,0.72,0.14312074635650165
41,0.9,0.0,500,0.6766146413972497,0.05,0.03409350665098192,0.07276865002683111,0.4837244954077985,0.43474080267558524,0.5563725490196079,0.18399296048196367
41,0.9,0.2,500,0.6766146413972497,0.058,0.040683464783922846,0.08205669799739573,0.49108115468409586,0.4287008281573499,0.5707180500658761,0.18503967070196561
41,0.9,0.35,500,0.6766146413972497,0.104,0.08019382152134363,0.13384487635513181,0.50684899485741,0.4473974867724867,0.603448275862069,0.1780598050026942
41,0.9,0.5,500,0.6766146413972497,0.184,0.15248894558374934,0.2203298133277816,0.5465686274509804,0.47353896103896104,0.651398888467854,0.1713406006264331
41,0.9,0.8,500,0.6766146413972497,0.354,0.31334158354314207,0.39688480506788165,0.6336956521739131,0.5409640646709613,0.7051746562616128,0.1521609845745728
41,1.0,0.0,500,0.6709907834101382,0.05,0.03409350665098192,0.07276865002683111,0.48585673585673583,0.43503676470588226,0.5597069597069597,0.1833950762501561
41,1.0,0.2,500,0.6709907834101382,0.078,0.057581071819524224,0.10485410622055823,0.4868495475113122,0.43124173280423284,0.570658866995074,0.18396842807248243
41,1.0,0.35,500,0.6709907834101382,0.104,0.08019382152134363,0.13384487635513181,0.5104945054945055,0.4480820105820106,0.5976395730706076,0.17499381143087486
41,1.0,0.5,500,0.6709907834101382,0.218,0.18403314391912312,0.25626714093230635,0.5453463203463205,0.46634615384615385,0.6526525119617226,0.16511282362484342
41,1.0,0.8,500,0.6709907834101382,0.404,0.3618784697205358,0.44758545703739777,0.644927536231884,0.5493405695611577,0.7101727982162764,0.13960882855778958
60,0.5,0.0,500,0.6446655805351457,0.05,0.03409350665098192,0.07276865002683111,0.4769736842105263,0.4359611742424242,0.528239304555094,0.15090045124592666
60,0.5,0.2,500,0.6446655805351457,0.076,0.05586871073410857,0.10259696578009747,0.48710317460317454,0.4406904848927875,0.5576003334046499,0.15215390965272899
60,0.5,0.35,500,0.6446655805351457,0.15,0.12137548023138253,0.1839617527402498,0.5210416666666666,0.4653790904818865,0.6011056844888366,0.1434421933336569
60,0.5,0.5,500,0.6446655805351457,0.22,0.1859003473955845,0.2583694389817214,0.5627174261874197,0.48670966032968593,0.635073526943092,0.1367881152868418
60,0.5,0.8,500,0.6446655805351457,0.544,0.5001730702665284,0.5871559633027523,0.6589136983873827,0.5966056369668902,0.718612294359577,0.10257455465479927
60,0.9,0.0,500,0.6598917682926829,0.05,0.03409350665098192,0.07276865002683111,0.4828418279705044,0.4434285714285714,0.5333176743591679,0.15175801679122647
60,0.9,0.2,500,0.6598917682926829,0.068,0.04906621332682857,0.09352145708387197,0.4939039793158786,0.4449940191387559,0.5631256952169077,0.1518509282777501
60,0.9,0.35,500,0.6598917682926829,0.1,0.07667718662472012,0.1294225082000026,0.5165988226628959,0.4566544566544567,0.595104000531632,0.1479562070540512
60,0.9,0.5,500,0.6598917682926829,0.202,0.16914066023346225,0.2394036124109562,0.5700267452185611,0.49357611199716456,0.6390438988095238,0.13261354213998025
60,0.9,0.8,500,0.6598917682926829,0.518,0.4742313107295171,0.5614942030033705,0.663010463800905,0.5962945703027782,0.7196769280102614,0.10328252210585559
60,1.0,0.0,500,0.6412716978264172,0.05,0.03409350665098192,0.07276865002683111,0.48341421094951254,0.43782502430147535,0.5355965078415736,0.1498721320974081
60,1.0,0.2,500,0.6412716978264172,0.066,0.04737823802541255,0.09123993085941157,0.4987136243386243,0.45142451360389113,0.5610313662945241,0.14072012309990217
60,1.0,0.35,500,0.6412716978264172,0.166,0.13595723820567882,0.20113600697296466,0.5198379629629629,0.46173878205128205,0.613908610312063,0.14486571868486056
60,1.0,0.5,500,0.6412716978264172,0.262,0.22537563309481617,0.30225368532589386,0.569391742285764,0.489003931322208,0.6423958333333334,0.13924546922592482
60,1.0,0.8,500,0.6412716978264172,0.562,0.5182021184950548,0.6048524288071132,0.6562683607520565,0.594158920027341,0.7194732192350333,0.10905219198497033
80,0.5,0.0,500,0.6330944219066936,0.05,0.03409350665098192,0.07276865002683111,0.4788098711453202,0.44274786871270244,0.5309168889621018,0.13173309162307986
80,0.5,0.2,500,0.6330944219066936,0.076,0.05586871073410857,0.10259696578009747,0.49557042644644056,0.4499441964285714,0.557391826923077,0.13069416206499265
80,0.5,0.35,500,0.6330944219066936,0.156,0.12683030337229503,0.19041543417696646,0.5356634106634107,0.4717567155067155,0.6030601343101344,0.12277269854579663
80,0.5,0.5,500,0.6330944219066936,0.278,0.24053595389789068,0.31884937672983044,0.5860593403100951,0.5008147128559085,0.6406978970517974,0.1117777811759725
80,0.5,0.8,500,0.6330944219066936,0.668,0.6255778658042676,0.707860262369349,0.6672554502416559,0.6120408163265306,0.7109673170993925,0.08530467783965542
80,0.9,0.0,500,0.6379166311330945,0.05,0.03409350665098192,0.07276865002683111,0.4872632385679354,0.449063740079365,0.5429429988590263,0.13257464528445548
80,0.9,0.2,500,0.6379166311330945,0.06,0.042348086000950205,0.08436157830624476,0.5,0.4545158617424242,0.5619111400182262,0.1294648933428006
80,0.9,0.35,500,0.6379166311330945,0.136,0.10871499179718816,0.1688357304933095,0.5392809050035612,0.48292529124193884,0.6027006293233473,0.12112465148884684
80,0.9,0.5,500,0.6379166311330945,0.278,0.24053595389789068,0.31884937672983044,0.5912132160626742,0.512415456423067,0.6457404922266674,0.10820951835677121
80,0.9,0.8,500,0.6379166311330945,0.666,0.6235317332195806,0.7059368934281597,0.6742116909459708,0.611,0.7209048366274929,0.0816828655111268
80,1.0,0.0,500,0.6299355096336227,0.05,0.03409350665098192,0.07276865002683111,0.48204817708333336,0.44532812499999996,0.5345757575757576,0.13802250074198902
80,1.0,0.2,500,0.6299355096336227,0.086,0.06447280005130328,0.11384038409228468,0.4953370927318296,0.4545226520518888,0.5643348852898014,0.13275651523690096
80,1.0,0.35,500,0.6299355096336227,0.2,0.16728494139259462,0.23728982972594745,0.5483535558423995,0.4810980205084623,0.6133245738636364,0.11549388801998592
80,1.0,0.5,500,0.6299355096336227,0.348,0.3075495849826609,0.3907682990507337,0.5999572428012967,0.5173158567774936,0.651441984116301,0.1057465441650716
80,1.0,0.8,500,0.6299355096336227,0.716,0.6749432769152115,0.7537628878794382,0.6701040280205193,0.6205013976240391,0.7207673815178886,0.07784149261101495
120,0.5,0.0,500,0.6093052291421857,0.05,0.03409350665098192,0.07276865002683111,0.4920250573262621,0.46040644394017016,0.537466085290744,0.11131501791657843
120,0.5,0.2,500,0.6093052291421857,0.088,0.06620563711739778,0.11607704855206659,0.5005848024150454,0.46363205389811424,0.562869779278048,0.10635331347856951
120,0.5,0.35,500,0.6093052291421857,0.254,0.2178196276777558,0.2939316846394487,0.5503816197325325,0.49208744530676113,0.6100551406231766,0.09370521398401564
120,0.5,0.5,500,0.6093052291421857,0.43,0.38730087857833456,0.4737665680159919,0.5989498546511627,0.5420455585184267,0.638685895499849,0.08229956931302052
120,0.5,0.8,500,0.6093052291421857,0.868,0.8355045607103054,0.8948837200509497,0.677214412434362,0.6367590904821558,0.7132157229831518,0.057249520565250095
120,0.9,0.0,500,0.6067966016388803,0.05,0.03409350665098192,0.07276865002683111,0.487248055562009,0.4563902667100341,0.5250732036714045,0.11164762463039869
120,0.9,0.2,500,0.6067966016388803,0.114,0.08903649378821105,0.14484971171764635,0.5,0.464546416392644,0.5634047799745474,0.10743300740161092
120,0.9,0.35,500,0.6067966016388803,0.274,0.2367399762569261,0.31470635131904223,0.5546501196172249,0.4900565551346801,0.6108675927480276,0.09543803941898288
120,0.9,0.5,500,0.6067966016388803,0.486,0.4424642011735621,0.5297492881453032,0.6039322316734598,0.5477068865740741,0.6434383394383394,0.07723685476603034
120,0.9,0.8,500,0.6067966016388803,0.92,0.8928931229079627,0.9407021975260784,0.6834513885997417,0.6505124632358915,0.717188023713759,0.054268474110884424
120,1.0,0.0,500,0.6063445763719411,0.05,0.03409350665098192,0.07276865002683111,0.49065196818685186,0.4598725163782708,0.5350358254608821,0.10646708197814639
120,1.0,0.2,500,0.6063445763719411,0.102,0.07843397139617729,0.1316352249544218,0.5041263032990975,0.46666951386900235,0.5587439510976798,0.10867546849636327
120,1.0,0.35,500,0.6063445763719411,0.264,0.22726719286500013,0.3043316270815863,0.5652553834033613,0.5039238923807412,0.6081071191673602,0.09273614970597739
120,1.0,0.5,500,0.6063445763719411,0.482,0.43850579699662956,0.5257686892704829,0.6022433545986178,0.5490039946266969,0.6428903126915141,0.0798508443594597
120,1.0,0.8,500,0.6063445763719411,0.904,0.8750124461326017,0.9268268620944284,0.6891129426129425,0.6512954840805718,0.7236533089499506,0.05332249026851186
160,0.5,0.0,500,0.5944319377617386,0.05,0.03409350665098192,0.07276865002683111,0.4898864523454687,0.45585766630214447,0.5273683155983362,0.0989474915691965
160,0.5,0.2,500,0.5944319377617386,0.116,0.09081324505614743,0.14704246197558635,0.5032720797720798,0.4727304660678067,0.5607740241529303,0.09230222437248693
160,0.5,0.35,500,0.5944319377617386,0.296,0.2576647234385832,0.33744612092202536,0.5603960619452975,0.5035622390142773,0.6018718438345166,0.08148539062585174
160,0.5,0.5,500,0.5944319377617386,0.536,0.4921784303653343,0.5792725971004405,0.5995523218243506,0.5509145802787996,0.632662955465587,0.06865512995053438
160,0.5,0.8,500,0.5944319377617386,0.95,0.9272313499731688,0.965906493349018,0.6836426402544824,0.6483376288659795,0.7150321666381507,0.04429991883147872
160,0.9,0.0,500,0.5974724050592327,0.05,0.03409350665098192,0.07276865002683111,0.49181119774705195,0.46041986033043775,0.5298316284946439,0.09110510862766606
160,0.9,0.2,500,0.5974724050592327,0.122,0.0961588543796491,0.15360535722971383,0.512329212952687,0.47310398531171544,0.5648766101712985,0.08897261266407559
160,0.9,0.35,500,0.5974724050592327,0.284,0.24623711212056168,0.32505672308478845,0.566569410082632,0.5130726116932971,0.6050077323718996,0.07802247802601527
160,0.9,0.5,500,0.5974724050592327,0.582,0.5383018478283397,0.6244477147325922,0.6066142037540302,0.5637483801126655,0.6459952750966376,0.06448268176234916
160,0.9,0.8,500,0.5974724050592327,0.95,0.9272313499731688,0.965906493349018,0.6851666666666667,0.6513442280878896,0.7188089925625423,0.04513384360826777
160,1.0,0.0,500,0.5942462841896734,0.05,0.03409350665098192,0.07276865002683111,0.4834347729440251,0.4547116763739723,0.5236379531275077,0.0914187369251493
160,1.0,0.2,500,0.5942462841896734,0.128,0.10152638796079462,0.1601463282261975,0.5103181361963564,0.47311957172806224,0.5606293314199853,0.09018588501024045
160,1.0,0.35,500,0.5942462841896734,0.28,0.24243538732541,0.32091944482818746,0.5601163951201451,0.5030554428668018,0.5980462739133536,0.07856692813723197
160,1.0,0.5,500,0.5942462841896734,0.618,0.5746644739023564,0.6595361161243504,0.6086313414559748,0.5737340044651366,0.6438359986496632,0.06206174699658814
160,1.0,0.8,500,0.5942462841896734,0.966,0.9462281949738114,0.9786656605553865,0.6931435091277891,0.6560233092382468,0.7197187061318007,0.042158860398403816
200,0.5,0.0,500,0.5910205295887261,0.05,0.03409350665098192,0.07276865002683111,0.49333943419764315,0.4666072788605191,0.52886691708282,0.08374760030236464
200,0.5,0.2,500,0.5910205295887261,0.12,0.09437448030757052,0.15142022977591602,0.5215968420519059,0.4848370763026307,0.5693148810399479,0.0799731189386743
200,0.5,0.35,500,0.5910205295887261,0.32,0.2806170567195024,0.3621278059516228,0.5690279227168412,0.5170809745809746,0.5979360683760684,0.0707932324140969
200,0.5,0.5,500,0.5910205295887261,0.654,0.6112721337613813,0.6943794837311004,0.6085398464054821,0.5772543144038651,0.6392820820591224,0.054874344861556575
200,0.5,0.8,500,0.5910205295887261,0.98,0.9635794314459021,0.9891009347644306,0.6875130886240804,0.6492445596833254,0.7151981657386177,0.0371643481594361
200,0.9,0.0,500,0.5838740486714091,0.05,0.03409350665098192,0.07276865002683111,0.4877995471479264,0.45994698029452163,0.5253742121848739,0.08429556752702859
200,0.9,0.2,500,0.5838740486714091,0.136,0.10871499179718816,0.1688357304933095,0.5092753806157184,0.47173808383474847,0.5581823958333333,0.08491533699357123
200,0.9,0.35,500,0.5838740486714091,0.408,0.3657816336552564,0.4516212961544298,0.5670456820821785,0.5259766922565882,0.6064285963081941,0.06607201011640808
200,0.9,0.5,500,0.5838740486714091,0.684,0.641977078070737,0.7232170623098906,0.6082165911450368,0.5730961849125912,0.6377918060523691,0.056061805035254965
200,0.9,0.8,500,0.5838740486714091,0.99,0.976806564621235,0.9957213092184797,0.6920643645540987,0.6608198635057472,0.7190730766098413,0.03523254211175932
200,1.0,0.0,500,0.581251553324724,0.05,0.03409350665098192,0.07276865002683111,0.4859996913985502,0.4572144583357818,0.5135937993213384,0.08573587522568978
200,1.0,0.2,500,0.581251553324724,0.178,0.14696436225520904,0.2139458920786927,0.5177704046822071,0.47810545151824413,0.5654600850739758,0.08241891760755857
200,1.0,0.35,500,0.581251553324724,0.412,0.3696877164049981,0.4556542164564409,0.5693538406953041,0.518921908990039,0.6059849884733721,0.0658230101796192
200,1.0,0.5,500,0.581251553324724,0.716,0.6749432769152115,0.7537628878794382,0.6077538156788076,0.5762528143342601,0.6421462677426124,0.05296727924200124
200,1.0,0.8,500,0.581251553324724,0.994,0.9825094361891064,0.9979574407023611,0.6931260719149694,0.661283525257774,0.7192767641031172,0.034603219573408055
300,0.5,0.0,500,0.5625809426904266,0.05,0.03409350665098192,0.07276865002683111,0.490152748135361,0.4648536101464903,0.5139036413096165,0.07364864443483336
300,0.5,0.2,500,0.5625809426904266,0.244,0.20839823999994375,0.2835055646878788,0.5212080652501796,0.4873783572189852,0.5616150385475631,0.06622696945621852
300,0.5,0.35,500,0.5625809426904266,0.616,0.572638020455507,0.6575930680453232,0.5730458008592368,0.5401392653673163,0.6014372406062184,0.05012870072906236
300,0.5,0.5,500,0.5625809426904266,0.904,0.8750124461326017,0.9268268620944284,0.6185331503930447,0.5924612114114896,0.642742351557222,0.036723051190442904
300,0.5,0.8,500,0.5625809426904266,1.0,0.9923753814690964,0.9999999999999999,0.69101006225664,0.6666280931582729,0.7123179408952021,0.0251251013556981
300,0.9,0.0,500,0.5637589741981637,0.05,0.03409350665098192,0.07276865002683111,0.4893798846691302,0.4670740290537023,0.5220511586779966,0.0724765313228969
300,0.9,0.2,500,0.5637589741981637,0.226,0.1915091878404532,0.2646691031144819,0.5263272894855342,0.48855936107846115,0.5595341436130954,0.0669385484621165
300,0.9,0.35,500,0.5637589741981637,0.616,0.572638020455507,0.6575930680453232,0.5757119089471467,0.5446441772214283,0.5998466461496373,0.04957297497703972
300,0.9,0.5,500,0.5637589741981637,0.886,0.8551502882823536,0.9109635062117889,0.6189000237135612,0.5932549341688406,0.6437428569640846,0.03739122927960094
300,0.9,0.8,500,0.5637589741981637,1.0,0.9923753814690964,0.9999999999999999,0.6928351641871067,0.67063125,0.7158066137282562,0.025545982997267274
300,1.0,0.0,500,0.5735000436071864,0.05,0.03409350665098192,0.07276865002683111,0.4917543473644165,0.4666090352753869,0.5211651053615585,0.07136425377540574
300,1.0,0.2,500,0.5735000436071864,0.182,0.15064591449727432,0.21820334288838023,0.530231348394814,0.49271302564387565,0.563532378101222,0.06364177653636234
300,1.0,0.35,500,0.5735000436071864,0.53,0.4861897883462646,0.5733527345418813,0.5767695220598781,0.541794051302165,0.6046718189340653,0.05023848062553226
300,1.0,0.5,500,0.5735000436071864,0.864,0.8311642695066905,0.8912850082028119,0.6178344568594489,0.5919030682925857,0.6451578360323904,0.03713856151640718
300,1.0,0.8,500,0.5735000436071864,0.998,0.9887590072528046,0.9996468726904154,0.6957579427636504,0.6732277033825473,0.7176969594594594,0.024450054208552844
500,0.5,0.0,500,0.550341295897826,0.05,0.03409350665098192,0.07276865002683111,0.4949145510040077,0.478110935536045,0.5137239600392777,0.05334059413695179
500,0.5,0.2,500,0.550341295897826,0.318,0.2786995689688668,0.360075792176382,0.5335154973537248,0.5042927083333334,0.5580151041666667,0.04702908064482671
500,0.5,0.35,500,0.550341295897826,0.754,0.7144070676180768,0.7897196261682243,0.5749493117721256,0.5506559057085816,0.5985180112333324,0.03609888985735728
500,0.5,0.5,500,0.550341295897826,0.992,0.9796126401630988,0.9968847352024922,0.6195081967213115,0.6008831788003662,0.639134058205937,0.025672288339995627
500,0.5,0.8,500,0.550341295897826,1.0,0.9923753814690964,0.9999999999999999,0.6932198700497152,0.6763449856119657,0.7118699470053715,0.018117984827592075
500,0.9,0.0,500,0.5549449863896105,0.05,0.03409350665098192,0.07276865002683111,0.49409613497938043,0.4728235479797979,0.5147384102852853,0.05539285609019346
500,0.9,0.2,500,0.5549449863896105,0.304,0.2653013836201453,0.3456874668439688,0.5378764896692758,0.5085620382063798,0.5609045217847989,0.047368856482312365
500,0.9,0.35,500,0.5549449863896105,0.766,0.7269477983375824,0.8009959046039771,0.5795591926639163,0.5565176493385697,0.600810584260409,0.03405216294853391
500,0.9,0.5,500,0.5549449863896105,0.986,0.9713865738597492,0.9932022969282127,0.6243845636873546,0.6070779094582842,0.6413268376231043,0.024057110503497316
500,0.9,0.8,500,0.5549449863896105,1.0,0.9923753814690964,0.9999999999999999,0.6944687257645308,0.6774378444080543,0.7093675324271296,0.019235868593702465
500,1.0,0.0,500,0.5499804168706476,0.05,0.03409350665098192,0.07276865002683111,0.4948357566028497,0.4765698674527219,0.5135103848523042,0.05404616988997043
500,1.0,0.2,500,0.5499804168706476,0.342,0.3017647943001571,0.3846445851556084,0.5345848114756088,0.5034386456065906,0.5588735852910828,0.04840192620858764
500,1.0,0.35,500,0.5499804168706476,0.814,0.7775451944568551,0.8456665451057376,0.5806336215069823,0.5577156264414109,0.6002480018783899,0.0330346569592069
500,1.0,0.5,500,0.5499804168706476,0.986,0.9713865738597492,0.9932022969282127,0.6267527507547468,0.6053998161764707,0.6457431975893966,0.023909992362563626
500,1.0,0.8,500,0.5499804168706476,1.0,0.9923753814690964,0.9999999999999999,0.6983481042443246,0.6831675151373185,0.7140292183351825,0.01879630165168959
