n,tau,d,semilla,auc_cv,auc_resub,C,l1_ratio,n_coef_no_cero,tasa,lote
41,1.0,0.0,20261011,0.39875000000000005,0.74,1.0,1.0,5,0.6097560975609756,extra
41,1.0,0.0,20261011,0.44505494505494503,0.6895604395604396,1.0,1.0,6,0.6829268292682927,extra
41,1.0,0.0,20261011,0.4948717948717949,0.7128205128205127,0.01,0.0,9,0.6341463414634146,extra
41,1.0,0.0,20261011,0.46625,0.7025,0.01,0.0,9,0.6097560975609756,extra
41,1.0,0.0,20261011,0.496969696969697,0.7393939393939394,0.01,0.0,9,0.7317073170731707,extra
41,1.0,0.0,20261011,0.4461538461538462,0.5,0.01,0.5,0,0.6341463414634146,extra
41,1.0,0.0,20261011,0.4251207729468599,0.7101449275362318,0.1,0.5,1,0.5609756097560976,extra
41,1.0,0.0,20261011,0.7077294685990339,0.9057971014492753,0.1,0.0,9,0.5609756097560976,extra
41,1.0,0.0,20261011,0.5906593406593407,0.8159340659340659,1.0,0.5,7,0.6829268292682927,extra
41,1.0,0.0,20261011,0.4656593406593406,0.6483516483516484,0.01,0.0,9,0.6829268292682927,extra
41,1.0,0.0,20261011,0.375,0.7426470588235294,1.0,0.5,6,0.5853658536585366,extra
41,1.0,0.0,20261011,0.32471264367816094,0.5,0.01,0.5,0,0.7073170731707317,extra
41,1.0,0.0,20261011,0.5621693121693121,0.8174603174603174,1.0,0.0,9,0.6585365853658537,extra
41,1.0,0.0,20261011,0.5290322580645161,0.6612903225806451,0.01,0.0,9,0.7560975609756098,extra
41,1.0,0.0,20261011,0.45749999999999996,0.7875,1.0,1.0,5,0.6097560975609756,extra
41,1.0,0.0,20261011,0.345,0.7375,1.0,1.0,4,0.6097560975609756,extra
41,1.0,0.0,20261011,0.510989010989011,0.7554945054945056,1.0,1.0,4,0.6829268292682927,extra
41,1.0,0.0,20261011,0.5303030303030304,0.7303030303030302,0.1,0.0,9,0.7317073170731707,extra
41,1.0,0.0,20261011,0.4722222222222222,0.7063492063492063,0.01,0.0,9,0.6585365853658537,extra
41,1.0,0.0,20261011,0.3825,0.5,0.01,0.5,0,0.6097560975609756,extra
41,1.0,0.0,20261011,0.373015873015873,0.7883597883597884,1.0,0.5,7,0.6585365853658537,extra
41,1.0,0.0,20261011,0.3780193236714976,0.5,0.01,0.5,0,0.5609756097560976,extra
41,1.0,0.0,20261011,0.4885057471264368,0.632183908045977,0.01,0.0,9,0.7073170731707317,extra
41,1.0,0.0,20261011,0.3804347826086957,0.7439613526570049,1.0,0.5,6,0.5609756097560976,extra
41,1.0,0.0,20261011,0.41425120772946855,0.7898550724637682,1.0,0.0,9,0.5609756097560976,extra
41,1.0,0.0,20261011,0.5032258064516129,0.8709677419354839,1.0,0.0,9,0.7560975609756098,extra
41,1.0,0.0,20261011,0.5166666666666666,0.7857142857142857,1.0,1.0,6,0.5121951219512195,extra
41,1.0,0.0,20261011,0.5317460317460317,0.8492063492063492,1.0,0.0,9,0.6585365853658537,extra
41,1.0,0.0,20261011,0.4240196078431373,0.5,0.01,0.5,0,0.5853658536585366,extra
41,1.0,0.0,20261011,0.4618055555555556,0.7534722222222222,1.0,1.0,2,0.7804878048780488,extra
41,1.0,0.0,20261011,0.4857142857142857,0.8142857142857143,1.0,0.0,9,0.5121951219512195,extra
41,1.0,0.0,20261011,0.5137362637362637,0.7390109890109889,0.1,0.0,9,0.6829268292682927,extra
41,1.0,0.0,20261011,0.44497607655502397,0.5837320574162679,0.01,0.0,9,0.5365853658536586,extra
41,1.0,0.0,20261011,0.4181818181818182,0.5,0.01,0.5,0,0.7317073170731707,extra
41,1.0,0.0,20261011,0.38324175824175827,0.717032967032967,0.1,0.0,9,0.6829268292682927,extra
41,1.0,0.0,20261011,0.4669540229885058,0.7011494252873562,0.01,0.0,9,0.7073170731707317,extra
41,1.0,0.0,20261011,0.4126984126984127,0.7407407407407408,1.0,0.0,9,0.6585365853658537,extra
41,1.0,0.0,20261011,0.5157004830917874,0.8140096618357487,1.0,0.0,9,0.5609756097560976,extra
41,1.0,0.0,20261011,0.4756410256410256,0.6487179487179487,0.01,0.0,9,0.6341463414634146,extra
41,1.0,0.0,20261011,0.509090909090909,0.5,0.01,0.5,0,0.7317073170731707,extra
41,1.0,0.0,20261011,0.46551724137931033,0.7097701149425287,0.01,0.0,9,0.7073170731707317,extra
41,1.0,0.0,20261011,0.4487179487179488,0.7410256410256411,1.0,0.0,9,0.6341463414634146,extra
41,1.0,0.0,20261011,0.48406862745098045,0.7941176470588235,1.0,0.0,9,0.4146341463414634,extra
41,1.0,0.0,20261011,0.5120772946859903,0.7053140096618358,0.1,0.0,9,0.5609756097560976,extra
41,1.0,0.0,20261011,0.3516483516483516,0.717032967032967,0.1,0.0,9,0.6829268292682927,extra
41,1.0,0.0,20261011,0.4876373626373627,0.7664835164835165,1.0,0.5,7,0.6829268292682927,extra
41,1.0,0.0,20261011,0.4782608695652174,0.5,0.01,0.5,0,0.5609756097560976,extra
41,1.0,0.0,20261011,0.46497584541062803,0.7391304347826088,1.0,0.0,9,0.5609756097560976,extra
41,1.0,0.0,20261011,0.4576719576719577,0.7222222222222223,0.1,0.5,1,0.6585365853658537,extra
41,1.0,0.0,20261011,0.38809523809523816,0.5,0.01,0.5,0,0.4878048780487805,extra
41,1.0,0.0,20261011,0.39473684210526316,0.7033492822966507,0.01,0.0,9,0.4634146341463415,extra
41,1.0,0.0,20261011,0.3908045977011494,0.807471264367816,1.0,0.0,9,0.7073170731707317,extra
41,1.0,0.0,20261011,0.6032258064516131,0.7225806451612903,0.01,0.0,9,0.7560975609756098,extra
41,1.0,0.0,20261011,0.4285714285714285,0.5,0.01,0.5,0,0.6829268292682927,extra
41,1.0,0.0,20261011,0.4595588235294118,0.8186274509803921,1.0,0.0,9,0.5853658536585366,extra
41,1.0,0.0,20261011,0.5917874396135265,0.7379227053140096,0.1,0.5,2,0.5609756097560976,extra
41,1.0,0.0,20261011,0.696078431372549,0.7647058823529411,0.01,0.0,9,0.5853658536585366,extra
41,1.0,0.0,20261011,0.5441176470588235,0.6617647058823529,0.01,0.0,9,0.5853658536585366,extra
41,1.0,0.0,20261011,0.5,0.5,0.01,0.5,0,0.7317073170731707,extra
41,1.0,0.0,20261011,0.4807692307692308,0.8516483516483516,1.0,1.0,5,0.6829268292682927,extra
41,1.0,0.0,20261011,0.6231884057971014,0.8236714975845411,1.0,0.0,9,0.5609756097560976,extra
41,1.0,0.0,20261011,0.6291866028708134,0.8086124401913876,0.1,0.0,9,0.5365853658536586,extra
41,1.0,0.0,20261011,0.2959770114942529,0.7183908045977011,1.0,1.0,4,0.7073170731707317,extra
41,1.0,0.0,20261011,0.5025,0.5,0.01,0.5,0,0.6097560975609756,extra
41,1.0,0.0,20261011,0.49047619047619045,0.7261904761904762,0.1,0.0,9,0.5121951219512195,extra
41,1.0,0.0,20261011,0.667948717948718,0.8128205128205128,1.0,1.0,2,0.6341463414634146,extra
41,1.0,0.0,20261011,0.4923076923076923,0.5,0.01,0.5,0,0.6341463414634146,extra
41,1.0,0.0,20261011,0.6512820512820513,0.8307692307692307,0.1,0.0,9,0.6341463414634146,extra
41,1.0,0.0,20261011,0.3862433862433863,0.8148148148148148,1.0,0.0,9,0.6585365853658537,extra
41,1.0,0.0,20261011,0.5700483091787439,0.818840579710145,1.0,1.0,5,0.43902439024390244,extra
41,1.0,0.0,20261011,0.5948717948717949,0.764102564102564,0.1,0.0,9,0.6341463414634146,extra
41,1.0,0.0,20261011,0.48387096774193544,0.5,0.01,0.5,0,0.7560975609756098,extra
41,1.0,0.0,20261011,0.4925,0.6625,0.01,0.0,9,0.6097560975609756,extra
41,1.0,0.0,20261011,0.5919117647058824,0.7156862745098038,0.01,0.0,9,0.5853658536585366,extra
41,1.0,0.0,20261011,0.3516483516483516,0.5,0.01,0.5,0,0.6829268292682927,extra
41,1.0,0.0,20261011,0.5393939393939394,0.7666666666666666,1.0,1.0,4,0.7317073170731707,extra
41,1.0,0.0,20261011,0.39749999999999996,0.7275,0.1,0.0,9,0.6097560975609756,extra
41,1.0,0.0,20261011,0.4522058823529412,0.5,0.01,0.5,0,0.5853658536585366,extra
41,1.0,0.0,20261011,0.49615384615384617,0.6282051282051282,0.01,0.0,9,0.6341463414634146,extra
41,1.0,0.0,20261011,0.49874999999999997,0.8125,1.0,0.0,9,0.6097560975609756,extra
41,1.0,0.0,20261011,0.5239234449760766,0.5980861244019139,0.01,0.0,9,0.4634146341463415,extra
41,1.0,0.0,20261011,0.5217391304347826,0.8164251207729469,1.0,0.0,9,0.5609756097560976,extra
41,1.0,0.0,20261011,0.5575757575757576,0.8212121212121212,1.0,0.5,8,0.7317073170731707,extra
41,1.0,0.0,20261011,0.4064102564102564,0.6666666666666667,0.01,0.0,9,0.6341463414634146,extra
41,1.0,0.0,20261011,0.6014492753623188,0.8719806763285024,1.0,0.0,9,0.5609756097560976,extra
41,1.0,0.0,20261011,0.5386473429951691,0.5,0.01,0.5,0,0.5609756097560976,extra
41,1.0,0.0,20261011,0.46551724137931033,0.5,0.01,0.5,0,0.7073170731707317,extra
41,1.0,0.0,20261011,0.39550264550264547,0.5,0.01,0.5,0,0.6585365853658537,extra
41,1.0,0.0,20261011,0.6913875598086124,0.8325358851674641,1.0,1.0,4,0.5365853658536586,extra
41,1.0,0.0,20261011,0.4056372549019608,0.5,0.01,0.5,0,0.5853658536585366,extra
41,1.0,0.0,20261011,0.4181818181818182,0.7,0.01,0.0,9,0.7317073170731707,extra
41,1.0,0.0,20261011,0.4986772486772487,0.5,0.01,0.5,0,0.6585365853658537,extra
41,1.0,0.0,20261011,0.6878787878787879,0.9242424242424242,1.0,0.0,9,0.7317073170731707,extra
41,1.0,0.0,20261011,0.41346153846153844,0.5,0.01,0.5,0,0.6829268292682927,extra
41,1.0,0.0,20261011,0.6976190476190476,0.8071428571428572,0.1,0.0,9,0.5121951219512195,extra
41,1.0,0.0,20261011,0.4301470588235293,0.5,0.01,0.5,0,0.5853658536585366,extra
41,1.0,0.0,20261011,0.5604395604395604,0.7967032967032968,1.0,0.0,9,0.6829268292682927,extra
41,1.0,0.0,20261011,0.44125,0.5,0.01,0.5,0,0.6097560975609756,extra
41,1.0,0.0,20261011,0.39625,0.7825,1.0,0.0,9,0.6097560975609756,extra
41,1.0,0.0,20261011,0.56125,0.845,0.1,0.0,9,0.6097560975609756,extra
41,1.0,0.0,20261011,0.4371980676328503,0.7294685990338163,0.01,0.0,9,0.5609756097560976,extra
41,1.0,0.0,20261011,0.4375,0.8325,1.0,1.0,7,0.6097560975609756,extra
41,1.0,0.0,20261011,0.44312169312169314,0.7222222222222222,0.01,0.0,9,0.6585365853658537,extra
41,1.0,0.0,20261011,0.4056372549019608,0.7058823529411765,0.01,0.0,9,0.5853658536585366,extra
41,1.0,0.0,20261011,0.37875000000000003,0.5,0.01,0.5,0,0.6097560975609756,extra
41,1.0,0.0,20261011,0.4779411764705882,0.5,0.01,0.5,0,0.5853658536585366,extra
41,1.0,0.0,20261011,0.4298941798941799,0.5978835978835979,0.01,0.0,9,0.6585365853658537,extra
41,1.0,0.0,20261011,0.58375,0.875,1.0,1.0,4,0.6097560975609756,extra
41,1.0,0.0,20261011,0.44242424242424244,0.6515151515151515,0.01,0.0,9,0.7317073170731707,extra
41,1.0,0.0,20261011,0.44848484848484854,0.6848484848484848,0.01,0.0,9,0.7317073170731707,extra
41,1.0,0.0,20261011,0.44841269841269843,0.6164021164021163,0.1,0.5,1,0.6585365853658537,extra
41,1.0,0.0,20261011,0.5935483870967742,0.935483870967742,1.0,0.0,9,0.7560975609756098,extra
41,1.0,0.0,20261011,0.5478468899521531,0.7535885167464116,1.0,1.0,3,0.5365853658536586,extra
41,1.0,0.0,20261011,0.3949275362318841,0.7198067632850241,1.0,0.0,9,0.5609756097560976,extra
41,1.0,0.0,20261011,0.49743589743589745,0.5,0.01,0.5,0,0.6341463414634146,extra
41,1.0,0.0,20261011,0.5060606060606061,0.6666666666666667,0.01,0.0,9,0.7317073170731707,extra
41,1.0,0.0,20261011,0.6425000000000001,0.7575000000000001,1.0,1.0,6,0.6097560975609756,extra
41,1.0,0.0,20261011,0.7307692307692307,0.9282051282051282,1.0,0.0,9,0.6341463414634146,extra
41,1.0,0.0,20261011,0.32407407407407407,0.7645502645502645,1.0,0.0,9,0.6585365853658537,extra
41,1.0,0.0,20261011,0.32967032967032966,0.5,0.01,0.5,0,0.6829268292682927,extra
41,1.0,0.0,20261011,0.4244505494505494,0.5,0.01,0.5,0,0.6829268292682927,extra
41,1.0,0.0,20261011,0.3571428571428572,0.7142857142857143,1.0,1.0,5,0.6585365853658537,extra
41,1.0,0.0,20261011,0.6404761904761904,0.7119047619047619,0.01,0.0,9,0.5121951219512195,extra
41,1.0,0.0,20261011,0.36243386243386244,0.7989417989417988,1.0,0.0,9,0.6585365853658537,extra
41,1.0,0.0,20261011,0.38181818181818183,0.5,0.01,0.5,0,0.7317073170731707,extra
41,1.0,0.0,20261011,0.43846153846153846,0.5,0.01,0.5,0,0.6341463414634146,extra
41,1.0,0.0,20261011,0.6,0.7125000000000001,0.01,0.0,9,0.6097560975609756,extra
41,1.0,0.0,20261011,0.4830917874396135,0.5,0.01,0.5,0,0.5609756097560976,extra
41,1.0,0.0,20261011,0.6205128205128205,0.7128205128205128,0.01,0.0,9,0.6341463414634146,extra
41,1.0,0.0,20261011,0.6641025641025642,0.7564102564102564,0.01,0.0,9,0.6341463414634146,extra
41,1.0,0.0,20261011,0.39999999999999997,0.5,0.01,0.5,0,0.7317073170731707,extra
41,1.0,0.0,20261011,0.4275362318840579,0.6690821256038648,0.01,0.0,9,0.5609756097560976,extra
41,1.0,0.0,20261011,0.4952380952380952,0.7380952380952381,1.0,1.0,6,0.5121951219512195,extra
41,1.0,0.0,20261011,0.4010416666666667,0.5,0.01,0.5,0,0.7804878048780488,extra
41,1.0,0.0,20261011,0.4617224880382775,0.5,0.01,0.5,0,0.5365853658536586,extra
41,1.0,0.0,20261011,0.5619047619047619,0.8285714285714285,1.0,1.0,7,0.5121951219512195,extra
41,1.0,0.0,20261011,0.45054945054945056,0.7912087912087913,1.0,1.0,5,0.6829268292682927,extra
41,1.0,0.0,20261011,0.6280193236714975,0.8405797101449276,0.1,0.0,9,0.5609756097560976,extra
41,1.0,0.0,20261011,0.4367816091954023,0.5,0.01,0.5,0,0.7073170731707317,extra
41,1.0,0.0,20261011,0.6499999999999999,0.8300000000000001,1.0,1.0,6,0.6097560975609756,extra
41,1.0,0.0,20261011,0.42097701149425293,0.5,0.01,0.5,0,0.7073170731707317,extra
41,1.0,0.0,20261011,0.42592592592592593,0.5,0.01,0.5,0,0.6585365853658537,extra
41,1.0,0.0,20261011,0.5,0.5,0.01,0.5,0,0.6341463414634146,extra
41,1.0,0.0,20261011,0.4666666666666667,0.5,0.01,0.5,0,0.5121951219512195,extra
41,1.0,0.0,20261011,0.5784313725490196,0.7303921568627451,0.01,0.0,9,0.5853658536585366,extra
41,1.0,0.0,20261011,0.69377990430622,0.8253588516746412,1.0,1.0,6,0.5365853658536586,extra
41,1.0,0.0,20261011,0.3721264367816092,0.5,0.01,0.5,0,0.7073170731707317,extra
41,1.0,0.0,20261011,0.49033816425120774,0.7608695652173912,1.0,1.0,7,0.5609756097560976,extra
41,1.0,0.0,20261011,0.3968253968253968,0.5,0.01,0.5,0,0.6585365853658537,extra
41,1.0,0.0,20261011,0.5893719806763285,0.7318840579710144,0.01,0.0,9,0.5609756097560976,extra
41,1.0,0.0,20261011,0.45875000000000005,0.72,1.0,0.5,5,0.6097560975609756,extra
41,1.0,0.0,20261011,0.3713235294117647,0.5,0.01,0.5,0,0.5853658536585366,extra
41,1.0,0.0,20261011,0.6967741935483871,0.7451612903225806,0.01,0.0,9,0.7560975609756098,extra
41,1.0,0.0,20261011,0.6724137931034483,0.8764367816091954,1.0,1.0,6,0.7073170731707317,extra
41,1.0,0.0,20261011,0.6937799043062202,0.8373205741626794,0.1,0.0,9,0.5365853658536586,extra
41,1.0,0.0,20261011,0.4951690821256039,0.6859903381642511,0.01,0.0,9,0.5609756097560976,extra
41,1.0,0.0,20261011,0.4807692307692308,0.8102564102564103,1.0,1.0,6,0.6341463414634146,extra
41,1.0,0.0,20261011,0.37125,0.6975,1.0,1.0,5,0.6097560975609756,extra
41,1.0,0.0,20261011,0.4491758241758242,0.5,0.01,0.5,0,0.6829268292682927,extra
41,1.0,0.0,20261011,0.5978835978835979,0.8227513227513227,1.0,0.0,9,0.6585365853658537,extra
41,1.0,0.0,20261011,0.4756944444444444,0.5,0.01,0.5,0,0.7804878048780488,extra
41,1.0,0.0,20261011,0.49313186813186816,0.6593406593406593,0.01,0.0,9,0.6829268292682927,extra
41,1.0,0.0,20261011,0.3088235294117647,0.7794117647058822,1.0,0.0,9,0.5853658536585366,extra
41,1.0,0.0,20261011,0.6565934065934066,0.7692307692307693,0.01,0.0,9,0.6829268292682927,extra
41,1.0,0.0,20261011,0.53125,0.7291666666666666,0.01,0.0,9,0.7804878048780488,extra
41,1.0,0.0,20261011,0.4142857142857142,0.7095238095238096,1.0,0.0,9,0.5121951219512195,extra
41,1.0,0.0,20261011,0.5023923444976076,0.5,0.01,0.5,0,0.5365853658536586,extra
41,1.0,0.0,20261011,0.4925,0.8,1.0,0.0,9,0.6097560975609756,extra
41,1.0,0.0,20261011,0.4545454545454546,0.5,0.01,0.5,0,0.8048780487804879,extra
41,1.0,0.0,20261011,0.5357142857142858,0.7582417582417582,0.1,0.0,9,0.6829268292682927,extra
41,1.0,0.0,20261011,0.5263157894736843,0.8086124401913876,1.0,1.0,5,0.5365853658536586,extra
41,1.0,0.0,20261011,0.40808823529411764,0.6593137254901961,0.1,0.0,9,0.5853658536585366,extra
41,1.0,0.0,20261011,0.65,0.8384615384615385,1.0,0.0,9,0.6341463414634146,extra
41,1.0,0.0,20261011,0.3897435897435897,0.5,0.01,0.5,0,0.6341463414634146,extra
41,1.0,0.0,20261011,0.7181818181818183,0.7878787878787878,0.01,0.0,9,0.7317073170731707,extra
41,1.0,0.0,20261011,0.4612903225806452,0.8548387096774193,1.0,0.0,9,0.7560975609756098,extra
41,1.0,0.0,20261011,0.38516746411483255,0.5,0.01,0.5,0,0.5365853658536586,extra
41,1.0,0.0,20261011,0.47222222222222227,0.8680555555555556,1.0,0.5,7,0.7804878048780488,extra
41,1.0,0.0,20261011,0.5906593406593407,0.6923076923076923,0.01,0.0,9,0.6829268292682927,extra
41,1.0,0.0,20261011,0.48461538461538456,0.5,0.01,0.5,0,0.6341463414634146,extra
41,1.0,0.0,20261011,0.5547619047619048,0.7142857142857143,0.1,0.0,9,0.5121951219512195,extra
41,1.0,0.0,20261011,0.5158730158730159,0.5,0.01,0.5,0,0.6585365853658537,extra
41,1.0,0.0,20261011,0.4757575757575758,0.7454545454545455,0.1,0.0,9,0.7317073170731707,extra
41,1.0,0.0,20261011,0.6172248803827751,0.7918660287081339,1.0,1.0,3,0.5365853658536586,extra
41,1.0,0.0,20261011,0.5661764705882353,0.7156862745098039,0.01,0.0,9,0.5853658536585366,extra
41,1.0,0.0,20261011,0.7631578947368421,0.8684210526315789,1.0,0.0,9,0.4634146341463415,extra
41,1.0,0.0,20261011,0.4641025641025641,0.7461538461538462,1.0,0.0,9,0.6341463414634146,extra
41,1.0,0.0,20261011,0.6375,0.77,1.0,0.0,9,0.6097560975609756,extra
41,1.0,0.0,20261011,0.4846153846153846,0.8102564102564103,1.0,1.0,4,0.6341463414634146,extra
41,1.0,0.0,20261011,0.4739010989010989,0.7445054945054945,0.1,0.0,9,0.6829268292682927,extra
41,1.0,0.0,20261011,0.6243386243386244,0.8386243386243387,1.0,1.0,6,0.6585365853658537,extra
41,1.0,0.0,20261011,0.5961538461538461,0.7005494505494505,0.01,0.0,9,0.6829268292682927,extra
41,1.0,0.0,20261011,0.6058201058201058,0.7063492063492064,0.01,0.0,9,0.6585365853658537,extra
41,1.0,0.0,20261011,0.7897435897435898,0.8974358974358975,0.1,0.0,9,0.6341463414634146,extra
41,1.0,0.0,20261011,0.5928571428571429,0.7880952380952381,0.1,0.0,9,0.5121951219512195,extra
41,1.0,0.0,20261011,0.4232804232804233,0.738095238095238,1.0,0.0,9,0.6585365853658537,extra
41,1.0,0.0,20261011,0.4636363636363636,0.5,0.01,0.5,0,0.7317073170731707,extra
41,1.0,0.0,20261011,0.7794871794871795,0.9512820512820513,1.0,1.0,6,0.6341463414634146,extra
41,1.0,0.0,20261011,0.5249999999999999,0.79,1.0,0.0,9,0.6097560975609756,extra
41,1.0,0.0,20261011,0.3181818181818182,0.5,0.01,0.5,0,0.5365853658536586,extra
41,1.0,0.0,20261011,0.4450549450549451,0.5,0.01,0.5,0,0.6829268292682927,extra
41,1.0,0.0,20261011,0.4635416666666667,0.5,0.01,0.5,0,0.7804878048780488,extra
41,1.0,0.0,20261011,0.3358974358974359,0.5,0.01,0.5,0,0.6341463414634146,extra
41,1.0,0.0,20261011,0.3188405797101449,0.5,0.01,0.5,0,0.5609756097560976,extra
41,1.0,0.0,20261011,0.3994252873563218,0.8304597701149425,1.0,0.0,9,0.7073170731707317,extra
41,1.0,0.0,20261011,0.583732057416268,0.6746411483253589,0.01,0.0,9,0.5365853658536586,extra
41,1.0,0.0,20261011,0.4285714285714285,0.6071428571428571,0.01,0.0,9,0.6829268292682927,extra
41,1.0,0.0,20261011,0.7116402116402116,0.8518518518518517,1.0,1.0,6,0.6585365853658537,extra
41,1.0,0.0,20261011,0.5686274509803921,0.821078431372549,1.0,1.0,6,0.4146341463414634,extra
41,1.0,0.0,20261011,0.48500000000000004,0.7975,1.0,1.0,4,0.6097560975609756,extra
41,1.0,0.0,20261011,0.4,0.5,0.01,0.5,0,0.6097560975609756,extra
41,1.0,0.0,20261011,0.4425,0.7475,1.0,0.0,9,0.6097560975609756,extra
41,1.0,0.0,20261011,0.5714285714285714,0.7698412698412698,0.1,0.0,9,0.6585365853658537,extra
41,1.0,0.0,20261011,0.614010989010989,0.7472527472527473,0.1,0.5,1,0.6829268292682927,extra
41,1.0,0.0,20261011,0.6058201058201058,0.865079365079365,1.0,0.0,9,0.6585365853658537,extra
41,1.0,0.0,20261011,0.6120689655172413,0.8074712643678161,1.0,1.0,5,0.7073170731707317,extra
41,1.0,0.0,20261011,0.3390804597701149,0.793103448275862,0.1,0.0,9,0.7073170731707317,extra
41,1.0,0.0,20261011,0.44138755980861244,0.736842105263158,1.0,0.0,9,0.5365853658536586,extra
41,1.0,0.0,20261011,0.4574175824175824,0.6538461538461539,0.01,0.0,9,0.6829268292682927,extra
41,1.0,0.0,20261011,0.5023923444976077,0.7655502392344499,1.0,0.0,9,0.5365853658536586,extra
41,1.0,0.0,20261011,0.30625,0.5,0.01,0.5,0,0.6097560975609756,extra
41,1.0,0.0,20261011,0.5674603174603174,0.6613756613756614,0.01,0.0,9,0.6585365853658537,extra
41,1.0,0.0,20261011,0.39215686274509803,0.5,0.01,0.5,0,0.5853658536585366,extra
41,1.0,0.0,20261011,0.4679487179487179,0.8051282051282052,1.0,0.5,8,0.6341463414634146,extra
41,1.0,0.0,20261011,0.39828431372549017,0.6397058823529411,0.01,0.0,9,0.5853658536585366,extra
41,1.0,0.0,20261011,0.40967741935483876,0.8225806451612904,1.0,0.5,7,0.7560975609756098,extra
41,1.0,0.0,20261011,0.46135265700483086,0.5,0.01,0.5,0,0.5609756097560976,extra
41,1.0,0.0,20261011,0.6025,0.8225,1.0,0.0,9,0.6097560975609756,extra
41,1.0,0.0,20261011,0.5265700483091788,0.7898550724637682,0.1,0.0,9,0.5609756097560976,extra
41,1.0,0.0,20261011,0.37169312169312163,0.7407407407407408,1.0,1.0,5,0.6585365853658537,extra
41,1.0,0.0,20261011,0.39952153110047844,0.5,0.01,0.5,0,0.5365853658536586,extra
41,1.0,0.0,20261011,0.41874999999999996,0.7075,0.1,0.0,9,0.6097560975609756,extra
41,1.0,0.0,20261011,0.6648351648351647,0.7417582417582418,0.01,0.0,9,0.6829268292682927,extra
41,1.0,0.0,20261011,0.43236714975845403,0.6328502415458936,0.01,0.0,9,0.43902439024390244,extra
41,1.0,0.0,20261011,0.5632183908045978,0.7988505747126438,0.01,0.0,9,0.7073170731707317,extra
41,1.0,0.0,20261011,0.6321839080459769,0.7873563218390804,0.1,0.0,9,0.7073170731707317,extra
41,1.0,0.0,20261011,0.49587912087912084,0.7582417582417582,1.0,0.0,9,0.6829268292682927,extra
41,1.0,0.0,20261011,0.4725274725274725,0.6703296703296704,0.01,0.0,9,0.6829268292682927,extra
41,1.0,0.0,20261011,0.4551282051282052,0.6794871794871795,0.01,0.0,9,0.6341463414634146,extra
41,1.0,0.0,20261011,0.4363636363636363,0.8151515151515152,1.0,0.0,9,0.7317073170731707,extra
41,1.0,0.0,20261011,0.4818840579710144,0.6739130434782608,0.01,0.0,9,0.5609756097560976,extra
41,1.0,0.0,20261011,0.6091954022988506,0.7988505747126435,1.0,1.0,3,0.7073170731707317,extra
41,1.0,0.0,20261011,0.38756613756613756,0.761904761904762,1.0,0.5,7,0.6585365853658537,extra
41,1.0,0.0,20261011,0.7465277777777778,0.9513888888888888,1.0,0.0,9,0.7804878048780488,extra
41,1.0,0.0,20261011,0.5692307692307692,0.7294871794871796,0.1,0.5,2,0.6341463414634146,extra
41,1.0,0.0,20261011,0.41935483870967744,0.5,0.01,0.5,0,0.7560975609756098,extra
41,1.0,0.0,20261011,0.4367816091954023,0.735632183908046,0.01,0.0,9,0.7073170731707317,extra
41,1.0,0.0,20261011,0.37435897435897436,0.6692307692307692,0.01,0.0,9,0.6341463414634146,extra
41,1.0,0.0,20261011,0.5169082125603864,0.8478260869565217,1.0,0.0,9,0.5609756097560976,extra
41,1.0,0.0,20261011,0.4019138755980861,0.7535885167464114,1.0,0.0,9,0.5365853658536586,extra
41,1.0,0.0,20261011,0.5122549019607844,0.8431372549019608,1.0,1.0,6,0.5853658536585366,extra
41,1.0,0.0,20261011,0.41507177033492826,0.645933014354067,0.01,0.0,9,0.5365853658536586,extra
41,1.0,0.0,20261011,0.6121212121212122,0.8075757575757575,0.1,0.5,2,0.7317073170731707,extra
41,1.0,0.0,20261011,0.5191387559808612,0.784688995215311,0.1,0.0,9,0.5365853658536586,extra
41,1.0,0.0,20261011,0.5748792270531401,0.6859903381642511,0.01,0.0,9,0.5609756097560976,extra
41,1.0,0.0,20261011,0.42121212121212115,0.7545454545454545,1.0,1.0,4,0.7317073170731707,extra
41,1.0,0.0,20261011,0.4601648351648351,0.8214285714285714,1.0,0.0,9,0.6829268292682927,extra
41,1.0,0.0,20261011,0.5343915343915344,0.8201058201058201,1.0,1.0,8,0.6585365853658537,extra
41,1.0,0.0,20261011,0.4761904761904762,0.7523809523809524,0.1,0.0,9,0.4878048780487805,extra
41,1.0,0.0,20261011,0.5717703349282296,0.777511961722488,1.0,1.0,5,0.5365853658536586,extra
41,1.0,0.0,20261011,0.632183908045977,0.8591954022988505,1.0,0.0,9,0.7073170731707317,extra
41,1.0,0.0,20261011,0.456896551724138,0.8304597701149425,1.0,0.0,9,0.7073170731707317,extra
41,1.0,0.0,20261011,0.42241379310344823,0.7298850574712643,0.01,0.0,9,0.7073170731707317,extra
41,1.0,0.0,20261011,0.47878787878787876,0.8393939393939395,1.0,0.5,6,0.7317073170731707,extra
41,1.0,0.0,20261011,0.6147342995169083,0.7596618357487923,0.1,0.5,2,0.5609756097560976,extra
41,1.0,0.0,20261011,0.3228021978021978,0.5,0.01,0.5,0,0.6829268292682927,extra
41,1.0,0.0,20261011,0.5134803921568627,0.5,0.01,0.5,0,0.5853658536585366,extra
41,1.0,0.0,20261011,0.5673076923076923,0.8708791208791209,1.0,0.5,7,0.6829268292682927,extra
41,1.0,0.0,20261011,0.33816425120772947,0.5,0.01,0.5,0,0.43902439024390244,extra
41,1.0,0.0,20261011,0.44125000000000003,0.67,0.01,0.0,9,0.6097560975609756,extra
41,1.0,0.0,20261011,0.5928571428571429,0.8166666666666667,1.0,1.0,4,0.5121951219512195,extra
41,1.0,0.0,20261011,0.45000000000000007,0.5,0.01,0.5,0,0.6097560975609756,extra
41,1.0,0.0,20261011,0.46703296703296704,0.5,0.01,0.5,0,0.6829268292682927,extra
41,1.0,0.0,20261011,0.638755980861244,0.7559808612440192,0.1,0.5,1,0.4634146341463415,extra
41,1.0,0.0,20261011,0.53,0.7,0.01,0.0,9,0.6097560975609756,extra
41,1.0,0.0,20261011,0.6038647342995168,0.7294685990338164,0.1,0.0,9,0.5609756097560976,extra
41,1.0,0.0,20261011,0.482051282051282,0.7589743589743589,1.0,1.0,5,0.6341463414634146,extra
41,1.0,0.0,20261011,0.3969696969696969,0.7484848484848484,1.0,1.0,4,0.7317073170731707,extra
41,1.0,0.0,20261011,0.4097222222222222,0.8402777777777778,1.0,0.5,6,0.7804878048780488,extra
41,1.0,0.0,20261011,0.31538461538461543,0.8,0.1,0.0,9,0.6341463414634146,extra
41,1.0,0.0,20261011,0.7010582010582009,0.791005291005291,0.1,0.5,1,0.6585365853658537,extra
41,1.0,0.0,20261011,0.4712918660287081,0.6889952153110047,0.01,0.0,9,0.5365853658536586,extra
41,1.0,0.0,20261011,0.4192307692307693,0.5,0.01,0.5,0,0.6341463414634146,extra
41,1.0,0.0,20261011,0.815,0.9375,1.0,0.0,9,0.6097560975609756,extra
41,1.0,0.0,20261011,0.3791208791208791,0.5,0.01,0.5,0,0.6829268292682927,extra
41,1.0,0.0,20261011,0.3637566137566137,0.5,0.01,0.5,0,0.6585365853658537,extra
41,1.0,0.0,20261011,0.4576719576719577,0.8386243386243386,1.0,0.0,9,0.6585365853658537,extra
41,1.0,0.0,20261011,0.435,0.8025,1.0,1.0,5,0.6097560975609756,extra
41,1.0,0.0,20261011,0.5129310344827586,0.6551724137931035,0.01,0.0,9,0.7073170731707317,extra
41,1.0,0.0,20261011,0.58,0.8,1.0,1.0,5,0.6097560975609756,extra
41,1.0,0.0,20261011,0.35,0.5,0.01,0.5,0,0.4878048780487805,extra
41,1.0,0.0,20261011,0.5,0.8045977011494253,1.0,1.0,6,0.7073170731707317,extra
41,1.0,0.0,20261011,0.5666666666666668,0.8051282051282052,0.01,0.0,9,0.6341463414634146,extra
41,1.0,0.0,20261011,0.34195402298850575,0.5,0.01,0.5,0,0.7073170731707317,extra
41,1.0,0.0,20261011,0.40769230769230774,0.8,1.0,0.5,8,0.6341463414634146,extra
41,1.0,0.0,20261011,0.5205128205128204,0.7871794871794872,0.1,0.0,9,0.6341463414634146,extra
41,1.0,0.0,20261011,0.6051282051282051,0.7397435897435898,0.1,0.5,2,0.6341463414634146,extra
41,1.0,0.0,20261011,0.4625,0.6325000000000001,0.01,0.0,9,0.6097560975609756,extra
41,1.0,0.0,20261011,0.4791666666666667,0.5,0.01,0.5,0,0.5853658536585366,extra
41,1.0,0.0,20261011,0.3987179487179487,0.7282051282051283,0.1,0.0,9,0.6341463414634146,extra
41,1.0,0.0,20261011,0.3971291866028708,0.8516746411483254,1.0,0.5,8,0.5365853658536586,extra
41,1.0,0.0,20261011,0.2526455026455027,0.5,0.01,0.5,0,0.6585365853658537,extra
41,1.0,0.0,20261011,0.4595588235294117,0.5,0.01,0.5,0,0.5853658536585366,extra
41,1.0,0.0,20261011,0.49264705882352944,0.8161764705882353,1.0,0.0,9,0.5853658536585366,extra
41,1.0,0.0,20261011,0.5807692307692307,0.7205128205128205,0.01,0.0,9,0.6341463414634146,extra
41,1.0,0.0,20261011,0.6043956043956044,0.6730769230769231,0.01,0.0,9,0.6829268292682927,extra
41,1.0,0.0,20261011,0.4425,0.7050000000000001,0.1,0.0,9,0.6097560975609756,extra
41,1.0,0.0,20261011,0.5096153846153846,0.7142857142857143,1.0,1.0,3,0.6829268292682927,extra
41,1.0,0.0,20261011,0.7420634920634921,0.9179894179894179,1.0,0.0,9,0.6585365853658537,extra
41,1.0,0.0,20261011,0.5686274509803921,0.6715686274509804,0.01,0.0,9,0.5853658536585366,extra
41,1.0,0.0,20261011,0.47619047619047616,0.746031746031746,1.0,0.0,9,0.6585365853658537,extra
41,1.0,0.0,20261011,0.4880952380952381,0.5,0.1,0.5,0,0.5121951219512195,extra
41,1.0,0.0,20261011,0.38875000000000004,0.7075,1.0,1.0,4,0.6097560975609756,extra
41,1.0,0.0,20261011,0.6461538461538462,0.8974358974358975,1.0,0.0,9,0.6341463414634146,extra
41,1.0,0.0,20261011,0.48484848484848486,0.6666666666666667,0.01,0.0,9,0.7317073170731707,extra
41,1.0,0.0,20261011,0.6411483253588517,0.7966507177033493,0.1,0.0,9,0.4634146341463415,extra
41,1.0,0.0,20261011,0.46840659340659335,0.5,0.01,0.5,0,0.6829268292682927,extra
41,1.0,0.0,20261011,0.36874999999999997,0.67875,1.0,1.0,3,0.6097560975609756,extra
41,1.0,0.0,20261011,0.4251207729468599,0.7053140096618358,0.01,0.0,9,0.5609756097560976,extra
41,1.0,0.0,20261011,0.48333333333333334,0.5,0.01,0.5,0,0.6341463414634146,extra
41,1.0,0.0,20261011,0.6414835164835164,0.7403846153846153,0.1,0.5,1,0.6829268292682927,extra
41,1.0,0.0,20261011,0.4313725490196078,0.6642156862745098,0.01,0.0,9,0.5853658536585366,extra
41,1.0,0.0,20261011,0.5164835164835165,0.7912087912087912,1.0,1.0,6,0.6829268292682927,extra
41,1.0,0.0,20261011,0.8727272727272727,0.9333333333333335,0.01,0.0,9,0.7317073170731707,extra
41,1.0,0.0,20261011,0.43205128205128207,0.5,0.01,0.5,0,0.6341463414634146,extra
41,1.0,0.0,20261011,0.4468599033816425,0.7971014492753623,1.0,0.0,9,0.5609756097560976,extra
41,1.0,0.0,20261011,0.54,0.675,0.01,0.0,9,0.6097560975609756,extra
41,1.0,0.0,20261011,0.50875,0.5,0.01,0.5,0,0.6097560975609756,extra
41,1.0,0.0,20261011,0.5012254901960784,0.7279411764705883,1.0,0.0,9,0.5853658536585366,extra
41,1.0,0.0,20261011,0.39285714285714285,0.7222222222222222,1.0,0.5,7,0.6585365853658537,extra
41,1.0,0.0,20261011,0.5153846153846154,0.6384615384615384,0.01,0.0,9,0.6341463414634146,extra
41,1.0,0.0,20261011,0.3623188405797102,0.7777777777777778,0.1,0.0,9,0.5609756097560976,extra
41,1.0,0.0,20261011,0.49396135265700486,0.6618357487922705,0.01,0.0,9,0.5609756097560976,extra
41,1.0,0.0,20261011,0.5132275132275133,0.705026455026455,0.1,0.5,1,0.6585365853658537,extra
41,1.0,0.0,20261011,0.441025641025641,0.7333333333333334,1.0,1.0,2,0.6341463414634146,extra
41,1.0,0.0,20261011,0.37922705314009664,0.5,0.01,0.5,0,0.5609756097560976,extra
41,1.0,0.0,20261011,0.6870967741935484,0.9161290322580645,1.0,0.0,9,0.7560975609756098,extra
41,1.0,0.0,20261011,0.3563218390804598,0.5,0.01,0.5,0,0.7073170731707317,extra
41,1.0,0.0,20261011,0.3732057416267943,0.7583732057416268,1.0,0.0,9,0.5365853658536586,extra
41,1.0,0.0,20261011,0.5075757575757576,0.5,0.01,0.5,0,0.8048780487804879,extra
41,1.0,0.0,20261011,0.32875,0.6599999999999999,0.01,0.0,9,0.6097560975609756,extra
41,1.0,0.0,20261011,0.503030303030303,0.7000000000000001,0.01,0.0,9,0.7317073170731707,extra
41,1.0,0.0,20261011,0.5669856459330144,0.7846889952153111,0.01,0.0,9,0.5365853658536586,extra
41,1.0,0.0,20261011,0.49754901960784315,0.5,0.01,0.5,0,0.4146341463414634,extra
41,1.0,0.0,20261011,0.4130434782608696,0.642512077294686,0.01,0.0,9,0.5609756097560976,extra
41,1.0,0.0,20261011,0.5241545893719807,0.6835748792270532,0.01,0.0,9,0.5609756097560976,extra
41,1.0,0.0,20261011,0.48571428571428577,0.7547619047619047,1.0,0.5,7,0.5121951219512195,extra
41,1.0,0.0,20261011,0.42994505494505486,0.5,0.01,0.5,0,0.6829268292682927,extra
41,1.0,0.0,20261011,0.37009803921568624,0.6691176470588235,1.0,0.0,9,0.5853658536585366,extra
41,1.0,0.0,20261011,0.37225274725274726,0.5,0.01,0.5,0,0.6829268292682927,extra
41,1.0,0.0,20261011,0.4093406593406593,0.5,0.01,0.5,0,0.6829268292682927,extra
41,1.0,0.0,20261011,0.47303921568627455,0.7622549019607843,0.1,0.0,9,0.5853658536585366,extra
41,1.0,0.0,20261011,0.5120772946859904,0.7693236714975845,1.0,1.0,3,0.5609756097560976,extra
41,1.0,0.0,20261011,0.5604395604395604,0.5,0.01,0.5,0,0.6829268292682927,extra
41,1.0,0.0,20261011,0.6100000000000001,0.8225,1.0,1.0,6,0.6097560975609756,extra
41,1.0,0.0,20261011,0.43923611111111116,0.5,0.01,0.5,0,0.7804878048780488,extra
41,1.0,0.0,20261011,0.4841269841269841,0.7513227513227514,0.01,0.0,9,0.6585365853658537,extra
41,1.0,0.0,20261011,0.6200980392156863,0.7941176470588236,1.0,0.0,9,0.5853658536585366,extra
41,1.0,0.0,20261011,0.41620879120879123,0.6401098901098901,0.01,0.0,9,0.6829268292682927,extra
41,1.0,0.0,20261011,0.6090909090909091,0.8393939393939394,1.0,1.0,5,0.7317073170731707,extra
41,1.0,0.0,20261011,0.5095693779904307,0.777511961722488,0.1,0.0,9,0.5365853658536586,extra
41,1.0,0.0,20261011,0.5410628019323671,0.6956521739130436,0.01,0.0,9,0.5609756097560976,extra
41,1.0,0.0,20261011,0.6675,0.88,1.0,0.0,9,0.6097560975609756,extra
41,1.0,0.0,20261011,0.5382775119617225,0.6854066985645932,0.1,0.5,2,0.5365853658536586,extra
41,1.0,0.0,20261011,0.48709677419354835,0.5,0.01,0.5,0,0.7560975609756098,extra
41,1.0,0.0,20261011,0.5316091954022988,0.6695402298850575,0.01,0.0,9,0.7073170731707317,extra
41,1.0,0.0,20261011,0.36274509803921573,0.5,0.01,0.5,0,0.5853658536585366,extra
41,1.0,0.0,20261011,0.40608465608465605,0.5,0.01,0.5,0,0.6585365853658537,extra
41,1.0,0.0,20261011,0.49102564102564106,0.676923076923077,0.01,0.0,9,0.6341463414634146,extra
41,1.0,0.0,20261011,0.3390804597701149,0.5,0.01,0.5,0,0.7073170731707317,extra
41,1.0,0.0,20261011,0.4461538461538461,0.5,0.01,0.5,0,0.6341463414634146,extra
41,1.0,0.0,20261011,0.4629629629629629,0.7619047619047619,0.1,0.0,9,0.6585365853658537,extra
41,1.0,0.0,20261011,0.5030303030303029,0.7999999999999999,1.0,0.0,9,0.7317073170731707,extra
41,1.0,0.0,20261011,0.5287081339712919,0.645933014354067,0.01,0.0,9,0.5365853658536586,extra
41,1.0,0.0,20261011,0.44625000000000004,0.6125,0.01,0.0,9,0.6097560975609756,extra
41,1.0,0.0,20261011,0.39224137931034486,0.5,0.01,0.5,0,0.7073170731707317,extra
41,1.0,0.0,20261011,0.503968253968254,0.5,0.01,0.5,0,0.6585365853658537,extra
41,1.0,0.0,20261011,0.4449760765550239,0.5,0.01,0.5,0,0.5365853658536586,extra
41,1.0,0.0,20261011,0.47101449275362317,0.5,0.01,0.5,0,0.5609756097560976,extra
41,1.0,0.0,20261011,0.46125000000000005,0.6399999999999999,0.01,0.0,9,0.6097560975609756,extra
41,1.0,0.0,20261011,0.4269230769230769,0.5,0.01,0.5,0,0.6341463414634146,extra
41,1.0,0.0,20261011,0.6425,0.8300000000000001,1.0,0.5,7,0.6097560975609756,extra
41,1.0,0.0,20261011,0.5714285714285714,0.8214285714285715,1.0,1.0,6,0.6829268292682927,extra
41,1.0,0.0,20261011,0.4475,0.5,0.01,0.5,0,0.6097560975609756,extra
41,1.0,0.0,20261011,0.6547619047619049,0.8166666666666667,1.0,1.0,6,0.5121951219512195,extra
41,1.0,0.0,20261011,0.6084656084656085,0.6984126984126984,0.01,0.0,9,0.6585365853658537,extra
41,1.0,0.0,20261011,0.4285714285714286,0.5,0.01,0.5,0,0.6585365853658537,extra
41,1.0,0.0,20261011,0.4070048309178744,0.5,0.01,0.5,0,0.5609756097560976,extra
41,1.0,0.0,20261011,0.5354838709677419,0.7903225806451613,1.0,0.5,6,0.7560975609756098,extra
41,1.0,0.0,20261011,0.3997252747252747,0.5,0.01,0.5,0,0.6829268292682927,extra
41,1.0,0.0,20261011,0.3961538461538462,0.5,0.01,0.5,0,0.6341463414634146,extra
41,1.0,0.0,20261011,0.6543062200956938,0.7619617224880384,0.1,0.5,1,0.5365853658536586,extra
41,1.0,0.0,20261011,0.47625,0.5,0.01,0.5,0,0.6097560975609756,extra
41,1.0,0.0,20261011,0.5976190476190477,0.8928571428571428,1.0,0.0,9,0.4878048780487805,extra
41,1.0,0.0,20261011,0.3952380952380953,0.5,0.01,0.5,0,0.4878048780487805,extra
41,1.0,0.0,20261011,0.44642857142857134,0.5,0.01,0.5,0,0.6829268292682927,extra
41,1.0,0.0,20261011,0.39814814814814814,0.5,0.01,0.5,0,0.6585365853658537,extra
41,1.0,0.0,20261011,0.25625000000000003,0.5,0.01,0.5,0,0.6097560975609756,extra
41,1.0,0.0,20261011,0.4432367149758454,0.7729468599033816,0.1,0.0,9,0.43902439024390244,extra
41,1.0,0.0,20261011,0.7564102564102564,0.923076923076923,1.0,1.0,5,0.6341463414634146,extra
41,1.0,0.0,20261011,0.3692307692307692,0.7871794871794872,1.0,1.0,4,0.6341463414634146,extra
41,1.0,0.0,20261011,0.3761904761904762,0.5,0.01,0.5,0,0.4878048780487805,extra
41,1.0,0.0,20261011,0.375,0.7445054945054945,1.0,0.0,9,0.6829268292682927,extra
41,1.0,0.0,20261011,0.642512077294686,0.7028985507246377,0.01,0.0,9,0.5609756097560976,extra
41,1.0,0.0,20261011,0.38125,0.5,0.01,0.5,0,0.6097560975609756,extra
41,1.0,0.0,20261011,0.4697802197802198,0.782967032967033,0.1,0.0,9,0.6829268292682927,extra
41,1.0,0.0,20261011,0.6974358974358975,0.7807692307692308,1.0,1.0,3,0.6341463414634146,extra
41,1.0,0.0,20261011,0.5243589743589744,0.5,0.01,0.5,0,0.6341463414634146,extra
41,1.0,0.0,20261011,0.39251207729468596,0.6533816425120773,0.1,0.5,1,0.5609756097560976,extra
41,1.0,0.0,20261011,0.42528735632183906,0.7068965517241379,1.0,0.5,7,0.7073170731707317,extra
41,1.0,0.0,20261011,0.5423280423280423,0.8174603174603174,1.0,1.0,6,0.6585365853658537,extra
41,1.0,0.0,20261011,0.6181318681318682,0.8296703296703297,1.0,1.0,6,0.6829268292682927,extra
41,1.0,0.0,20261011,0.44848484848484843,0.5,0.01,0.5,0,0.7317073170731707,extra
41,1.0,0.0,20261011,0.463768115942029,0.5,0.01,0.5,0,0.5609756097560976,extra
41,1.0,0.0,20261011,0.5294871794871795,0.7333333333333334,0.01,0.0,9,0.6341463414634146,extra
41,1.0,0.0,20261011,0.33253588516746413,0.7081339712918661,0.01,0.0,9,0.5365853658536586,extra
41,1.0,0.0,20261011,0.6903225806451613,0.7032258064516129,0.01,0.0,9,0.7560975609756098,extra
41,1.0,0.0,20261011,0.4404761904761905,0.6640211640211641,0.01,0.0,9,0.6585365853658537,extra
41,1.0,0.0,20261011,0.6483253588516747,0.7081339712918661,0.1,0.5,1,0.5365853658536586,extra
41,1.0,0.0,20261011,0.47966507177033496,0.5,0.01,0.5,0,0.5365853658536586,extra
41,1.0,0.0,20261011,0.5153846153846154,0.5,0.01,0.5,0,0.6341463414634146,extra
41,1.0,0.0,20261011,0.4533492822966508,0.5,0.01,0.5,0,0.5365853658536586,extra
41,1.0,0.0,20261011,0.69377990430622,0.8277511961722488,0.1,0.0,9,0.5365853658536586,extra
41,1.0,0.0,20261011,0.4915458937198067,0.7898550724637681,1.0,0.0,9,0.5609756097560976,extra
41,1.0,0.0,20261011,0.35714285714285715,0.5,0.01,0.5,0,0.4878048780487805,extra
41,1.0,0.0,20261011,0.4725,0.73,1.0,1.0,6,0.6097560975609756,extra
41,1.0,0.0,20261011,0.3961352657004831,0.5,0.01,0.5,0,0.5609756097560976,extra
41,1.0,0.0,20261011,0.4841954022988506,0.7557471264367817,1.0,1.0,3,0.7073170731707317,extra
41,1.0,0.0,20261011,0.7298850574712643,0.9568965517241379,1.0,0.0,9,0.7073170731707317,extra
41,1.0,0.0,20261011,0.5909090909090908,0.7440191387559809,0.01,0.0,9,0.4634146341463415,extra
41,1.0,0.0,20261011,0.6620879120879121,0.8269230769230769,1.0,1.0,5,0.6829268292682927,extra
41,1.0,0.0,20261011,0.4666666666666667,0.8151515151515153,1.0,1.0,5,0.7317073170731707,extra
41,1.0,0.0,20261011,0.6005291005291005,0.8703703703703703,1.0,0.5,8,0.6585365853658537,extra
41,1.0,0.0,20261011,0.5151515151515151,0.5,0.01,0.5,0,0.7317073170731707,extra
41,1.0,0.0,20261011,0.5576923076923077,0.5,0.01,0.5,0,0.6341463414634146,extra
41,1.0,0.0,20261011,0.330952380952381,0.5,0.01,0.5,0,0.4878048780487805,extra
41,1.0,0.0,20261011,0.45329670329670335,0.7994505494505495,1.0,1.0,6,0.6829268292682927,extra
41,1.0,0.0,20261011,0.4384057971014492,0.78743961352657,0.1,0.0,9,0.5609756097560976,extra
41,1.0,0.0,20261011,0.4312169312169313,0.5,0.01,0.5,0,0.6585365853658537,extra
41,1.0,0.0,20261011,0.382183908045977,0.7672413793103449,1.0,1.0,6,0.7073170731707317,extra
41,1.0,0.0,20261011,0.45105820105820105,0.7301587301587301,1.0,1.0,5,0.6585365853658537,extra
41,1.0,0.0,20261011,0.545,0.765,1.0,1.0,4,0.6097560975609756,extra
41,1.0,0.0,20261011,0.3455882352941177,0.8406862745098039,1.0,0.5,6,0.5853658536585366,extra
41,1.0,0.0,20261011,0.5317460317460317,0.6587301587301587,0.01,0.0,9,0.6585365853658537,extra
41,1.0,0.0,20261011,0.4272727272727273,0.7,0.01,0.0,9,0.7317073170731707,extra
41,1.0,0.0,20261011,0.4770114942528736,0.5,0.01,0.5,0,0.7073170731707317,extra
41,1.0,0.0,20261011,0.4756410256410256,0.6230769230769231,0.01,0.0,9,0.6341463414634146,extra
41,1.0,0.0,20261011,0.3910256410256411,0.8256410256410256,1.0,0.0,9,0.6341463414634146,extra
41,1.0,0.0,20261011,0.6703296703296704,0.8653846153846154,1.0,1.0,5,0.6829268292682927,extra
41,1.0,0.0,20261011,0.7870967741935484,0.832258064516129,0.01,0.0,9,0.7560975609756098,extra
41,1.0,0.0,20261011,0.3611111111111111,0.7101449275362319,0.01,0.0,9,0.5609756097560976,extra
41,1.0,0.0,20261011,0.47625,0.5,0.01,0.5,0,0.6097560975609756,extra
41,1.0,0.0,20261011,0.4690476190476191,0.5,0.01,0.5,0,0.5121951219512195,extra
41,1.0,0.0,20261011,0.7705314009661836,0.8454106280193237,0.01,0.0,9,0.5609756097560976,extra
41,1.0,0.0,20261011,0.39125,0.73,1.0,1.0,5,0.6097560975609756,extra
41,1.0,0.0,20261011,0.43253968253968256,0.5,0.01,0.5,0,0.6585365853658537,extra
41,1.0,0.0,20261011,0.4841954022988506,0.6436781609195402,0.01,0.0,9,0.7073170731707317,extra
41,1.0,0.0,20261011,0.6875,0.7949999999999999,0.1,0.5,1,0.6097560975609756,extra
41,1.0,0.0,20261011,0.5477941176470589,0.5,0.01,0.5,0,0.5853658536585366,extra
41,1.0,0.0,20261011,0.5082417582417582,0.5,0.01,0.5,0,0.6829268292682927,extra
41,1.0,0.0,20261011,0.46749999999999997,0.5,0.01,0.5,0,0.6097560975609756,extra
41,1.0,0.0,20261011,0.44047619047619047,0.5,0.01,0.5,0,0.6585365853658537,extra
41,1.0,0.0,20261011,0.3915343915343915,0.5,0.01,0.5,0,0.6585365853658537,extra
41,1.0,0.0,20261011,0.4925,0.7125,0.1,0.5,1,0.6097560975609756,extra
41,1.0,0.0,20261011,0.5362499999999999,0.78,1.0,1.0,5,0.6097560975609756,extra
41,1.0,0.0,20261011,0.45054945054945056,0.7802197802197802,1.0,1.0,6,0.6829268292682927,extra
41,1.0,0.0,20261011,0.5454545454545454,0.8598484848484849,1.0,1.0,4,0.8048780487804879,extra
41,1.0,0.0,20261011,0.6282051282051282,0.858974358974359,1.0,0.5,9,0.6341463414634146,extra
41,1.0,0.0,20261011,0.4669312169312169,0.5,0.01,0.5,0,0.6585365853658537,extra
41,1.0,0.0,20261011,0.3836206896551725,0.7816091954022988,1.0,0.5,6,0.7073170731707317,extra
41,1.0,0.0,20261011,0.59375,0.855,1.0,0.0,9,0.6097560975609756,extra
41,1.0,0.0,20261011,0.5906593406593407,0.7967032967032968,0.1,0.0,9,0.6829268292682927,extra
41,1.0,0.0,20261011,0.42692307692307696,0.5,0.01,0.5,0,0.6341463414634146,extra
41,1.0,0.0,20261011,0.42307692307692313,0.7747252747252747,1.0,0.5,6,0.6829268292682927,extra
41,1.0,0.0,20261011,0.40897435897435896,0.6717948717948719,0.01,0.0,9,0.6341463414634146,extra
41,1.0,0.0,20261011,0.4641025641025641,0.7692307692307693,0.1,0.0,9,0.6341463414634146,extra
41,1.0,0.0,20261011,0.6813186813186813,0.8104395604395604,0.1,0.0,9,0.6829268292682927,extra
41,1.0,0.0,20261011,0.4516908212560386,0.7681159420289855,0.1,0.0,9,0.5609756097560976,extra
41,1.0,0.0,20261011,0.5095238095238095,0.5,0.01,0.5,0,0.5121951219512195,extra
41,1.0,0.0,20261011,0.3666666666666667,0.5,0.01,0.5,0,0.4878048780487805,extra
41,1.0,0.0,20261011,0.5344827586206897,0.7959770114942528,0.1,0.0,9,0.7073170731707317,extra
41,1.0,0.0,20261011,0.678743961352657,0.8502415458937198,0.1,0.5,3,0.5609756097560976,extra
41,1.0,0.0,20261011,0.3903225806451613,0.5,0.01,0.5,0,0.7560975609756098,extra
41,1.0,0.0,20261011,0.5461538461538461,0.6923076923076923,0.1,0.5,1,0.6341463414634146,extra
41,1.0,0.0,20261011,0.45000000000000007,0.5,0.01,0.5,0,0.6097560975609756,extra
41,1.0,0.0,20261011,0.5272727272727272,0.8484848484848485,1.0,0.5,8,0.7317073170731707,extra
41,1.0,0.0,20261011,0.471264367816092,0.7701149425287357,1.0,0.0,9,0.7073170731707317,extra
41,1.0,0.0,20261011,0.45375,0.8300000000000001,1.0,1.0,5,0.6097560975609756,extra
41,1.0,0.0,20261011,0.4522058823529412,0.5,0.01,0.5,0,0.5853658536585366,extra
41,1.0,0.0,20261011,0.3140096618357488,0.6521739130434783,0.01,0.0,9,0.5609756097560976,extra
41,1.0,0.0,20261011,0.42149758454106284,0.6086956521739131,0.01,0.0,9,0.5609756097560976,extra
41,1.0,0.0,20261011,0.5747126436781609,0.8017241379310345,1.0,1.0,6,0.7073170731707317,extra
41,1.0,0.0,20261011,0.5114942528735632,0.8247126436781609,1.0,0.5,8,0.7073170731707317,extra
41,1.0,0.0,20261011,0.46568627450980393,0.5,0.01,0.5,0,0.5853658536585366,extra
41,1.0,0.0,20261011,0.5211640211640212,0.7195767195767195,0.01,0.0,9,0.6585365853658537,extra
41,1.0,0.0,20261011,0.37318840579710144,0.5,0.01,0.5,0,0.5609756097560976,extra
41,1.0,0.0,20261011,0.5164835164835164,0.5,0.01,0.5,0,0.6829268292682927,extra
41,1.0,0.0,20261011,0.5475,0.8125,1.0,0.0,9,0.6097560975609756,extra
41,1.0,0.0,20261011,0.503030303030303,0.6393939393939394,0.01,0.0,9,0.7317073170731707,extra
41,1.0,0.0,20261011,0.3047619047619048,0.5,0.01,0.5,0,0.5121951219512195,extra
120,1.0,0.0,20261011,0.39621489621489625,0.5,0.01,0.5,0,0.65,extra
120,1.0,0.0,20261011,0.5188350743906299,0.6967394745172523,1.0,1.0,7,0.675,extra
120,1.0,0.0,20261011,0.46622592699051446,0.6269042828398965,0.01,0.0,9,0.5916666666666667,extra
120,1.0,0.0,20261011,0.4634074074074074,0.5,0.01,0.5,0,0.625,extra
120,1.0,0.0,20261011,0.5552248677248677,0.6957671957671957,1.0,0.5,8,0.7,extra
120,1.0,0.0,20261011,0.44724570096181876,0.5,0.01,0.5,0,0.6083333333333333,extra
120,1.0,0.0,20261011,0.5578289286729186,0.6183574879227054,0.01,0.0,9,0.575,extra
120,1.0,0.0,20261011,0.49066160177271284,0.6229819563152896,0.01,0.0,9,0.675,extra
120,1.0,0.0,20261011,0.546074074074074,0.6903703703703703,0.1,0.0,9,0.625,extra
120,1.0,0.0,20261011,0.52262044653349,0.6856639247943594,0.01,0.0,9,0.6166666666666667,extra
120,1.0,0.0,20261011,0.5909744179361885,0.7070997413049727,0.1,0.0,9,0.5916666666666667,extra
120,1.0,0.0,20261011,0.5,0.5,0.01,0.5,0,0.625,extra
120,1.0,0.0,20261011,0.5311871227364185,0.7004886461626905,0.1,0.0,9,0.5916666666666667,extra
120,1.0,0.0,20261011,0.5004406580493537,0.6274970622796711,0.1,0.5,4,0.6166666666666667,extra
120,1.0,0.0,20261011,0.556923076923077,0.6718881118881119,1.0,0.0,9,0.5416666666666666,extra
120,1.0,0.0,20261011,0.4601139601139601,0.5891104779993669,0.01,0.0,9,0.675,extra
120,1.0,0.0,20261011,0.5338093850189449,0.7003788982803847,1.0,0.0,9,0.6083333333333333,extra
120,1.0,0.0,20261011,0.5,0.5,0.01,0.5,0,0.5583333333333333,extra
120,1.0,0.0,20261011,0.4912605042016806,0.6231932773109243,1.0,0.5,7,0.7083333333333334,extra
120,1.0,0.0,20261011,0.4929024463908185,0.6010268800966475,0.1,0.5,1,0.6416666666666667,extra
120,1.0,0.0,20261011,0.5511428571428572,0.628,0.1,0.5,4,0.5833333333333334,extra
120,1.0,0.0,20261011,0.451974992895709,0.5,0.01,0.5,0,0.575,extra
120,1.0,0.0,20261011,0.4317690645260884,0.6145415251620872,0.1,0.5,2,0.6583333333333333,extra
120,1.0,0.0,20261011,0.5654328184202857,0.649519090644127,0.1,0.5,3,0.6083333333333333,extra
120,1.0,0.0,20261011,0.4711330657610373,0.6048163013275702,0.01,0.0,9,0.6583333333333333,extra
120,1.0,0.0,20261011,0.4764421624886741,0.5,0.01,0.5,0,0.6416666666666667,extra
120,1.0,0.0,20261011,0.5626446759259259,0.6096643518518519,0.1,0.5,3,0.6,extra
120,1.0,0.0,20261011,0.6655405405405405,0.700352526439483,0.1,1.0,1,0.6166666666666667,extra
120,1.0,0.0,20261011,0.45599999999999996,0.5,0.01,0.5,0,0.5833333333333334,extra
120,1.0,0.0,20261011,0.5039347129116876,0.5,0.01,0.5,0,0.6083333333333333,extra
120,1.0,0.0,20261011,0.4219259259259259,0.5925925925925926,0.1,0.5,1,0.625,extra
120,1.0,0.0,20261011,0.5269999999999999,0.6839999999999999,0.01,0.0,9,0.5833333333333334,extra
120,1.0,0.0,20261011,0.56125,0.701875,1.0,1.0,8,0.6666666666666666,extra
120,1.0,0.0,20261011,0.408234126984127,0.5,0.01,0.5,0,0.7,extra
120,1.0,0.0,20261011,0.4382006323656223,0.5,0.01,0.5,0,0.5916666666666667,extra
120,1.0,0.0,20261011,0.46428571428571425,0.5,0.01,0.5,0,0.7,extra
120,1.0,0.0,20261011,0.5096944770857814,0.5,0.01,0.5,0,0.6166666666666667,extra
120,1.0,0.0,20261011,0.5099166427134234,0.6956021845357861,1.0,0.0,9,0.5916666666666667,extra
120,1.0,0.0,20261011,0.5973748473748474,0.6565934065934066,0.01,0.0,9,0.65,extra
120,1.0,0.0,20261011,0.5,0.5,0.01,0.5,0,0.5833333333333334,extra
120,1.0,0.0,20261011,0.48627645502645506,0.6716269841269842,0.1,0.0,9,0.7,extra
120,1.0,0.0,20261011,0.5335179248032643,0.5829204313611192,0.1,0.5,1,0.6083333333333333,extra
120,1.0,0.0,20261011,0.6525218967079431,0.6700392630625188,0.1,0.5,1,0.6416666666666667,extra
120,1.0,0.0,20261011,0.4954074074074074,0.6832592592592592,1.0,0.0,9,0.625,extra
120,1.0,0.0,20261011,0.6276228801379707,0.6855418223627479,0.01,0.0,9,0.5916666666666667,extra
120,1.0,0.0,20261011,0.48958333333333337,0.6400462962962964,0.01,0.0,9,0.6,extra
120,1.0,0.0,20261011,0.61007702182285,0.662548138639281,0.1,0.5,1,0.6833333333333333,extra
120,1.0,0.0,20261011,0.5415140415140416,0.7078754578754578,0.1,0.0,9,0.65,extra
120,1.0,0.0,20261011,0.512,0.6995555555555556,1.0,0.0,9,0.625,extra
120,1.0,0.0,20261011,0.49438382541720155,0.5,0.01,0.5,0,0.6833333333333333,extra
120,1.0,0.0,20261011,0.4954074074074074,0.5,0.01,0.5,0,0.625,extra
120,1.0,0.0,20261011,0.5078694258233751,0.7111629262605654,1.0,0.5,9,0.6083333333333333,extra
120,1.0,0.0,20261011,0.4536483253588517,0.6115430622009569,0.01,0.0,9,0.6333333333333333,extra
120,1.0,0.0,20261011,0.47798319327731087,0.5,0.1,0.5,0,0.7083333333333334,extra
120,1.0,0.0,20261011,0.5961481481481482,0.7309629629629629,1.0,1.0,8,0.625,extra
120,1.0,0.0,20261011,0.5449660633484164,0.6382918552036199,0.1,0.5,2,0.5666666666666667,extra
120,1.0,0.0,20261011,0.4492753623188406,0.6037226484796818,0.1,0.5,2,0.575,extra
120,1.0,0.0,20261011,0.4278518518518518,0.6435555555555555,1.0,0.0,9,0.625,extra
120,1.0,0.0,20261011,0.43136961722488043,0.5,0.01,0.5,0,0.6333333333333333,extra
120,1.0,0.0,20261011,0.5228125,0.6937499999999999,1.0,0.5,8,0.6666666666666666,extra
120,1.0,0.0,20261011,0.5049189814814814,0.677662037037037,1.0,0.5,8,0.6,extra
120,1.0,0.0,20261011,0.5824175824175825,0.7277167277167277,1.0,1.0,6,0.65,extra
120,1.0,0.0,20261011,0.48748395378690634,0.5,0.01,0.5,0,0.6833333333333333,extra
120,1.0,0.0,20261011,0.45283564814814814,0.5,0.01,0.5,0,0.6,extra
120,1.0,0.0,20261011,0.40788224121557454,0.5853118075340298,0.01,0.0,9,0.675,extra
120,1.0,0.0,20261011,0.4292362002567394,0.5,0.01,0.5,0,0.6833333333333333,extra
120,1.0,0.0,20261011,0.4916405433646813,0.5,0.01,0.5,0,0.725,extra
120,1.0,0.0,20261011,0.49358151476251605,0.6983311938382541,0.1,0.5,4,0.6833333333333333,extra
120,1.0,0.0,20261011,0.5147991543340381,0.5946843853820598,0.01,0.0,9,0.6416666666666667,extra
120,1.0,0.0,20261011,0.3902652287962693,0.5,0.01,0.5,0,0.6083333333333333,extra
120,1.0,0.0,20261011,0.45832046928064213,0.5,0.01,0.5,0,0.6583333333333333,extra
120,1.0,0.0,20261011,0.47182652738208297,0.6058879392212725,0.01,0.0,9,0.675,extra
120,1.0,0.0,20261011,0.5,0.5,0.01,0.5,0,0.5833333333333334,extra
120,1.0,0.0,20261011,0.4542464114832536,0.6620813397129187,1.0,0.0,9,0.6333333333333333,extra
120,1.0,0.0,20261011,0.4568356867779204,0.6142490372272144,0.01,0.0,9,0.6833333333333333,extra
120,1.0,0.0,20261011,0.45271164021164023,0.658068783068783,1.0,0.0,9,0.7,extra
120,1.0,0.0,20261011,0.47828571428571426,0.5,0.01,0.5,0,0.5833333333333334,extra
120,1.0,0.0,20261011,0.49328571428571427,0.5,0.01,0.5,0,0.5833333333333334,extra
120,1.0,0.0,20261011,0.4565972222222222,0.7118055555555555,1.0,1.0,8,0.8,extra
120,1.0,0.0,20261011,0.4632523148148148,0.6171875,0.01,0.0,9,0.6,extra
120,1.0,0.0,20261011,0.5400444938820912,0.7191323692992213,1.0,1.0,8,0.5166666666666667,extra
120,1.0,0.0,20261011,0.39200898587933247,0.6092747111681642,0.1,0.5,2,0.6833333333333333,extra
120,1.0,0.0,20261011,0.5515499825844653,0.7300592128178336,1.0,0.0,9,0.725,extra
120,1.0,0.0,20261011,0.5700961818711745,0.7097056251821626,1.0,0.0,9,0.6083333333333333,extra
120,1.0,0.0,20261011,0.615068059512504,0.6568534346312124,0.01,0.0,9,0.675,extra
120,1.0,0.0,20261011,0.4310012836970475,0.6559691912708602,0.01,0.0,9,0.6833333333333333,extra
120,1.0,0.0,20261011,0.3862323491655969,0.5,0.01,0.5,0,0.6833333333333333,extra
120,1.0,0.0,20261011,0.4371945961483185,0.5,0.01,0.5,0,0.5916666666666667,extra
120,1.0,0.0,20261011,0.47668650793650796,0.6451719576719577,1.0,1.0,6,0.7,extra
120,1.0,0.0,20261011,0.4666566985645933,0.5,0.01,0.5,0,0.6333333333333333,extra
120,1.0,0.0,20261011,0.5167887667887667,0.5,0.01,0.5,0,0.65,extra
120,1.0,0.0,20261011,0.48635976129582265,0.5,0.01,0.5,0,0.575,extra
120,1.0,0.0,20261011,0.5804425837320574,0.6919856459330144,0.1,0.0,9,0.6333333333333333,extra
120,1.0,0.0,20261011,0.5772569444444444,0.6417824074074074,0.01,0.0,9,0.6,extra
120,1.0,0.0,20261011,0.34740740740740744,0.5,0.01,0.5,0,0.625,extra
120,1.0,0.0,20261011,0.6139705882352942,0.7154977375565611,1.0,1.0,6,0.5666666666666667,extra
120,1.0,0.0,20261011,0.48086124401913877,0.6537081339712918,1.0,0.0,9,0.6333333333333333,extra
120,1.0,0.0,20261011,0.44971307762005436,0.6735125339776502,1.0,1.0,8,0.6416666666666667,extra
120,1.0,0.0,20261011,0.6075589656152317,0.6399545325376528,0.01,0.0,9,0.575,extra
120,1.0,0.0,20261011,0.5896493212669683,0.7121040723981902,0.1,0.0,9,0.5666666666666667,extra
120,1.0,0.0,20261011,0.37787816962984555,0.6691926552025649,1.0,0.0,9,0.6083333333333333,extra
120,1.0,0.0,20261011,0.5580426057425131,0.6640938561284346,1.0,0.5,9,0.6583333333333333,extra
120,1.0,0.0,20261011,0.42643356643356645,0.5,0.01,0.5,0,0.5416666666666666,extra
120,1.0,0.0,20261011,0.4868571428571429,0.5,0.01,0.5,0,0.5833333333333334,extra
120,1.0,0.0,20261011,0.48589894242068155,0.5,0.01,0.5,0,0.6166666666666667,extra
120,1.0,0.0,20261011,0.4926739926739926,0.5,0.01,0.5,0,0.65,extra
120,1.0,0.0,20261011,0.442002442002442,0.5,0.01,0.5,0,0.65,extra
120,1.0,0.0,20261011,0.43715402149137084,0.6349723217193096,1.0,1.0,5,0.6916666666666667,extra
120,1.0,0.0,20261011,0.5138391403451643,0.5,0.01,0.5,0,0.6916666666666667,extra
120,1.0,0.0,20261011,0.5010060362173039,0.6478873239436619,1.0,1.0,7,0.5916666666666667,extra
120,1.0,0.0,20261011,0.5192418981481481,0.6608796296296295,0.01,0.0,9,0.6,extra
120,1.0,0.0,20261011,0.5434275721364034,0.624453512095599,0.1,0.5,1,0.6083333333333333,extra
120,1.0,0.0,20261011,0.4929494712103408,0.5,0.01,0.5,0,0.6166666666666667,extra
120,1.0,0.0,20261011,0.4259575923392613,0.640218878248974,0.01,0.0,9,0.7166666666666667,extra
120,1.0,0.0,20261011,0.5835447625951432,0.7564334903950706,1.0,0.5,9,0.7416666666666667,extra
120,1.0,0.0,20261011,0.619667860631716,0.7072614783458157,1.0,0.0,9,0.6916666666666667,extra
120,1.0,0.0,20261011,0.6088217338217338,0.6761294261294262,0.1,0.5,3,0.65,extra
120,1.0,0.0,20261011,0.6097488038277512,0.691238038277512,0.1,0.5,2,0.6333333333333333,extra
120,1.0,0.0,20261011,0.6359374999999999,0.7537500000000001,1.0,1.0,7,0.6666666666666666,extra
120,1.0,0.0,20261011,0.4770433083686096,0.6212959947899707,0.1,0.5,1,0.6916666666666667,extra
120,1.0,0.0,20261011,0.44184027777777773,0.5,0.01,0.5,0,0.6,extra
120,1.0,0.0,20261011,0.5688700748941712,0.7134483881471833,1.0,1.0,7,0.6916666666666667,extra
120,1.0,0.0,20261011,0.544792655903767,0.6853434631212408,1.0,0.0,9,0.675,extra
120,1.0,0.0,20261011,0.5037037037037038,0.6915555555555557,1.0,0.0,9,0.625,extra
120,1.0,0.0,20261011,0.46052631578947373,0.6979665071770335,1.0,0.0,9,0.6333333333333333,extra
120,1.0,0.0,20261011,0.4522283272283273,0.5,0.01,0.5,0,0.65,extra
120,1.0,0.0,20261011,0.478021978021978,0.5,0.01,0.5,0,0.65,extra
120,1.0,0.0,20261011,0.49876505094164864,0.6205619018215498,0.1,0.5,1,0.6583333333333333,extra
120,1.0,0.0,20261011,0.5503663003663004,0.6892551892551892,1.0,0.0,9,0.65,extra
120,1.0,0.0,20261011,0.48067049229839925,0.6677740863787375,1.0,0.0,9,0.6416666666666667,extra
120,1.0,0.0,20261011,0.558196974374807,0.6534424205001543,0.1,0.5,3,0.6583333333333333,extra
120,1.0,0.0,20261011,0.5187740693196405,0.6951219512195121,1.0,0.5,7,0.6833333333333333,extra
120,1.0,0.0,20261011,0.4303835699184536,0.5967985502869224,0.01,0.0,9,0.6416666666666667,extra
120,1.0,0.0,20261011,0.3907203907203907,0.5,0.01,0.5,0,0.65,extra
120,1.0,0.0,20261011,0.5300513440048323,0.7034128662035639,1.0,1.0,8,0.6416666666666667,extra
120,1.0,0.0,20261011,0.4777093149691917,0.5,0.01,0.5,0,0.7416666666666667,extra
120,1.0,0.0,20261011,0.514354066985646,0.635017942583732,0.1,0.5,3,0.6333333333333333,extra
120,1.0,0.0,20261011,0.6206702337369756,0.6379892987890736,0.1,0.5,1,0.5583333333333333,extra
120,1.0,0.0,20261011,0.5001437194596148,0.6286289163552745,1.0,0.0,9,0.5916666666666667,extra
120,1.0,0.0,20261011,0.4642650462962963,0.65625,1.0,0.5,7,0.6,extra
120,1.0,0.0,20261011,0.5978009259259259,0.6471354166666666,0.1,0.5,1,0.6,extra
120,1.0,0.0,20261011,0.42714285714285716,0.6225714285714286,0.01,0.0,9,0.5833333333333334,extra
120,1.0,0.0,20261011,0.5,0.5,0.01,0.5,0,0.7083333333333334,extra
120,1.0,0.0,20261011,0.5377440979306325,0.6181871174584669,0.01,0.0,9,0.6083333333333333,extra
120,1.0,0.0,20261011,0.4433364988920544,0.658119658119658,0.1,0.0,9,0.675,extra
120,1.0,0.0,20261011,0.5157388516467503,0.6477703293500437,0.1,0.5,2,0.6083333333333333,extra
120,1.0,0.0,20261011,0.4466666666666667,0.5,0.01,0.5,0,0.625,extra
120,1.0,0.0,20261011,0.4677113010446344,0.6312124089901866,0.01,0.0,9,0.675,extra
120,1.0,0.0,20261011,0.5075231481481481,0.6698495370370371,0.1,0.0,9,0.6,extra
120,1.0,0.0,20261011,0.593915343915344,0.712962962962963,0.1,0.0,9,0.7,extra
120,1.0,0.0,20261011,0.537037037037037,0.6365740740740741,0.01,0.0,9,0.7,extra
120,1.0,0.0,20261011,0.47268009768009767,0.5,0.01,0.5,0,0.65,extra
120,1.0,0.0,20261011,0.4632523148148148,0.6440972222222222,1.0,0.0,9,0.6,extra
120,1.0,0.0,20261011,0.46802325581395343,0.6723666210670315,1.0,0.0,9,0.7166666666666667,extra
120,1.0,0.0,20261011,0.5541819291819291,0.6735347985347986,0.1,0.5,3,0.65,extra
120,1.0,0.0,20261011,0.4862029318769761,0.5,0.01,0.5,0,0.5916666666666667,extra
120,1.0,0.0,20261011,0.5938588160810382,0.682494460272238,0.01,0.0,9,0.675,extra
120,1.0,0.0,20261011,0.46300211416490483,0.6221685291452733,1.0,1.0,6,0.6416666666666667,extra
120,1.0,0.0,20261011,0.49506578947368424,0.6869019138755981,1.0,0.0,9,0.6333333333333333,extra
120,1.0,0.0,20261011,0.5235879332477535,0.6116816431322208,0.01,0.0,9,0.6833333333333333,extra
120,1.0,0.0,20261011,0.40242857142857147,0.5,0.01,0.5,0,0.5833333333333334,extra
120,1.0,0.0,20261011,0.5173418828329933,0.6878461090061206,1.0,0.0,9,0.6083333333333333,extra
120,1.0,0.0,20261011,0.5611299783883914,0.6897190490892251,0.1,0.0,9,0.6583333333333333,extra
120,1.0,0.0,20261011,0.4662857142857143,0.5,0.01,0.5,0,0.5833333333333334,extra
120,1.0,0.0,20261011,0.601139601139601,0.726179170623615,1.0,1.0,7,0.675,extra
120,1.0,0.0,20261011,0.579172366621067,0.6320109439124487,0.01,0.0,9,0.7166666666666667,extra
120,1.0,0.0,20261011,0.46990424076607384,0.5,0.01,0.5,0,0.7166666666666667,extra
120,1.0,0.0,20261011,0.4639126305792972,0.5,0.01,0.5,0,0.675,extra
120,1.0,0.0,20261011,0.5071009570855203,0.5,0.01,0.5,0,0.6583333333333333,extra
120,1.0,0.0,20261011,0.5245760275941362,0.6261856855418224,0.1,0.5,1,0.5916666666666667,extra
120,1.0,0.0,20261011,0.4863865546218487,0.6349579831932773,0.1,0.5,2,0.7083333333333334,extra
120,1.0,0.0,20261011,0.430379746835443,0.6566841617783267,1.0,1.0,7,0.6583333333333333,extra
120,1.0,0.0,20261011,0.5956227967097532,0.727967097532315,0.1,0.0,9,0.6166666666666667,extra
120,1.0,0.0,20261011,0.42840608465608465,0.5,0.01,0.5,0,0.7,extra
120,1.0,0.0,20261011,0.4799154334038055,0.5,0.01,0.5,0,0.6416666666666667,extra
120,1.0,0.0,20261011,0.39407407407407413,0.5,0.01,0.5,0,0.625,extra
120,1.0,0.0,20261011,0.4841507177033493,0.6417464114832536,0.1,0.5,2,0.6333333333333333,extra
120,1.0,0.0,20261011,0.5274725274725275,0.6278998778998779,0.01,0.0,9,0.65,extra
120,1.0,0.0,20261011,0.3837037037037037,0.6373333333333333,0.1,0.0,9,0.625,extra
120,1.0,0.0,20261011,0.46108217592592593,0.6877893518518519,0.1,0.0,9,0.6,extra
120,1.0,0.0,20261011,0.46835443037974683,0.6650200679221981,1.0,1.0,6,0.6583333333333333,extra
120,1.0,0.0,20261011,0.4628125000000001,0.5,0.01,0.5,0,0.6666666666666666,extra
120,1.0,0.0,20261011,0.43336498892054454,0.6157011712567267,1.0,0.0,9,0.675,extra
120,1.0,0.0,20261011,0.5059808612440191,0.6028708133971291,0.01,0.0,9,0.6333333333333333,extra
120,1.0,0.0,20261011,0.566875,0.6653125,1.0,0.0,9,0.6666666666666666,extra
120,1.0,0.0,20261011,0.5470085470085471,0.6129426129426129,0.1,0.5,2,0.65,extra
120,1.0,0.0,20261011,0.5520034100596761,0.6552998010798522,0.1,0.5,3,0.575,extra
120,1.0,0.0,20261011,0.584165687426557,0.6994712103407756,0.1,0.0,9,0.6166666666666667,extra
120,1.0,0.0,20261011,0.4442997685185185,0.5,0.01,0.5,0,0.6,extra
120,1.0,0.0,20261011,0.4769990737882062,0.5867551713491819,0.1,0.5,1,0.6583333333333333,extra
120,1.0,0.0,20261011,0.459165687426557,0.5699177438307873,0.1,0.5,2,0.6166666666666667,extra
120,1.0,0.0,20261011,0.566319346662912,0.6510842016333427,0.1,0.0,9,0.5583333333333333,extra
120,1.0,0.0,20261011,0.4353846153846154,0.5,0.01,0.5,0,0.5416666666666666,extra
120,1.0,0.0,20261011,0.49572649572649574,0.6207660652105096,0.01,0.0,9,0.675,extra
120,1.0,0.0,20261011,0.396573016363075,0.6434084594010498,1.0,0.0,9,0.6583333333333333,extra
120,1.0,0.0,20261011,0.46843749999999995,0.5,0.01,0.5,0,0.6666666666666666,extra
120,1.0,0.0,20261011,0.45843125734430085,0.5,0.01,0.5,0,0.6166666666666667,extra
120,1.0,0.0,20261011,0.5240625000000001,0.704375,1.0,0.5,9,0.6666666666666666,extra
120,1.0,0.0,20261011,0.5218301435406699,0.6324760765550239,0.1,0.5,2,0.6333333333333333,extra
120,1.0,0.0,20261011,0.43407407407407406,0.6524444444444445,1.0,0.0,9,0.625,extra
120,1.0,0.0,20261011,0.47129116875546484,0.6065287088312444,0.01,0.0,9,0.6083333333333333,extra
120,1.0,0.0,20261011,0.48575205640423036,0.6903642773207991,1.0,0.5,8,0.6166666666666667,extra
120,1.0,0.0,20261011,0.4900392817059484,0.584455667789001,0.01,0.0,9,0.55,extra
120,1.0,0.0,20261011,0.6429398148148148,0.6851851851851852,0.01,0.0,9,0.6,extra
120,1.0,0.0,20261011,0.4771241830065359,0.5,0.01,0.5,0,0.575,extra
120,1.0,0.0,20261011,0.46343750000000006,0.5,0.01,0.5,0,0.6666666666666666,extra
120,1.0,0.0,20261011,0.43995949074074076,0.5,0.01,0.5,0,0.6,extra
120,1.0,0.0,20261011,0.5908215661103979,0.6249999999999999,0.1,0.5,1,0.6833333333333333,extra
120,1.0,0.0,20261011,0.5336700336700337,0.619668911335578,0.1,0.5,2,0.55,extra
120,1.0,0.0,20261011,0.49559341950646296,0.6762632197414806,1.0,0.0,9,0.6166666666666667,extra
120,1.0,0.0,20261011,0.5368697172835908,0.6318857475954532,0.01,0.0,9,0.6083333333333333,extra
120,1.0,0.0,20261011,0.42780671296296297,0.5729166666666666,0.01,0.0,9,0.6,extra
120,1.0,0.0,20261011,0.6300837320574162,0.7299641148325359,1.0,0.5,8,0.6333333333333333,extra
120,1.0,0.0,20261011,0.47261791706236156,0.5,0.01,0.5,0,0.675,extra
120,1.0,0.0,20261011,0.4228329809725158,0.6414980368468741,1.0,0.0,9,0.6416666666666667,extra
120,1.0,0.0,20261011,0.5503851091142491,0.6473042362002568,0.1,0.5,4,0.6833333333333333,extra
120,1.0,0.0,20261011,0.5679012345679013,0.7214308325419436,1.0,0.0,9,0.675,extra
120,1.0,0.0,20261011,0.4207741576162629,0.5,0.01,0.5,0,0.525,extra
120,1.0,0.0,20261011,0.43403276803679214,0.5,0.01,0.5,0,0.5916666666666667,extra
120,1.0,0.0,20261011,0.6102857142857143,0.662,0.01,0.0,9,0.5833333333333334,extra
120,1.0,0.0,20261011,0.49730927508705286,0.5739157961380184,0.01,0.0,9,0.675,extra
120,1.0,0.0,20261011,0.5193821043427572,0.6884290294374817,1.0,1.0,9,0.6083333333333333,extra
120,1.0,0.0,20261011,0.4738542890716804,0.6742068155111633,0.1,0.0,9,0.6166666666666667,extra
120,1.0,0.0,20261011,0.5633344187561055,0.6465320742429177,0.1,0.5,2,0.6916666666666667,extra
120,1.0,0.0,20261011,0.5282392026578073,0.588341890667472,0.1,0.5,1,0.6416666666666667,extra
120,1.0,0.0,20261011,0.49970095693779903,0.6139354066985645,0.1,0.5,1,0.6333333333333333,extra
120,1.0,0.0,20261011,0.47449723112795106,0.5,0.01,0.5,0,0.6083333333333333,extra
120,1.0,0.0,20261011,0.4470486111111111,0.5,0.01,0.5,0,0.6,extra
120,1.0,0.0,20261011,0.43345789019833286,0.5,0.01,0.5,0,0.5916666666666667,extra
120,1.0,0.0,20261011,0.5550807217473883,0.7154162709718265,0.1,0.0,9,0.675,extra
120,1.0,0.0,20261011,0.3691245593419507,0.628084606345476,1.0,1.0,5,0.6166666666666667,extra
120,1.0,0.0,20261011,0.3958565072302559,0.5,0.01,0.5,0,0.5166666666666667,extra
120,1.0,0.0,20261011,0.5196759259259259,0.703125,1.0,0.0,9,0.6,extra
120,1.0,0.0,20261011,0.43599999999999994,0.5,0.01,0.5,0,0.5833333333333334,extra
120,1.0,0.0,20261011,0.6049000281610815,0.638974936637567,0.1,1.0,1,0.5583333333333333,extra
120,1.0,0.0,20261011,0.5347327091513139,0.6063122923588039,0.1,0.5,3,0.6416666666666667,extra
120,1.0,0.0,20261011,0.5647130647130647,0.7106227106227107,1.0,0.0,9,0.65,extra
120,1.0,0.0,20261011,0.4963235294117647,0.6351809954751132,0.01,0.0,9,0.5666666666666667,extra
120,1.0,0.0,20261011,0.5134375,0.5,0.01,0.5,0,0.6666666666666666,extra
120,1.0,0.0,20261011,0.5,0.5,0.01,0.5,0,0.6666666666666666,extra
120,1.0,0.0,20261011,0.4398148148148148,0.5,0.01,0.5,0,0.6,extra
120,1.0,0.0,20261011,0.5551215277777778,0.6671006944444444,0.1,0.5,3,0.6,extra
120,1.0,0.0,20261011,0.4525925925925926,0.5,0.01,0.5,0,0.625,extra
120,1.0,0.0,20261011,0.37277761585543573,0.6788108423200233,1.0,0.0,9,0.6083333333333333,extra
120,1.0,0.0,20261011,0.5061728395061729,0.5,0.01,0.5,0,0.675,extra
120,1.0,0.0,20261011,0.4328730904817861,0.5,0.01,0.5,0,0.6166666666666667,extra
120,1.0,0.0,20261011,0.4702452153110048,0.5,0.01,0.5,0,0.6333333333333333,extra
120,1.0,0.0,20261011,0.4924220343923055,0.5814631302827163,0.1,0.5,2,0.6083333333333333,extra
120,1.0,0.0,20261011,0.44688703465982027,0.5,0.01,0.5,0,0.6833333333333333,extra
120,1.0,0.0,20261011,0.34785185185185186,0.5985185185185184,0.01,0.0,9,0.625,extra
120,1.0,0.0,20261011,0.44917582417582425,0.6620879120879122,1.0,1.0,3,0.65,extra
120,1.0,0.0,20261011,0.5708245243128964,0.7215342796738144,0.1,0.0,9,0.6416666666666667,extra
120,1.0,0.0,20261011,0.62402950310559,0.7565993788819876,0.1,0.0,9,0.7666666666666667,extra
120,1.0,0.0,20261011,0.5801173201605434,0.7153442420500155,1.0,1.0,7,0.6583333333333333,extra
120,1.0,0.0,20261011,0.4974053724053724,0.6175213675213675,0.01,0.0,9,0.65,extra
120,1.0,0.0,20261011,0.39086368977673325,0.5,0.01,0.5,0,0.6166666666666667,extra
120,1.0,0.0,20261011,0.5925714285714285,0.644,0.1,0.5,3,0.5833333333333334,extra
120,1.0,0.0,20261011,0.5014140271493213,0.5,0.01,0.5,0,0.5666666666666667,extra
120,1.0,0.0,20261011,0.5503241741278172,0.6526705773386847,0.1,0.5,2,0.6583333333333333,extra
120,1.0,0.0,20261011,0.40025575447570333,0.5,0.01,0.5,0,0.575,extra
120,1.0,0.0,20261011,0.5421160011658408,0.6333430486738559,0.1,0.5,1,0.6083333333333333,extra
120,1.0,0.0,20261011,0.4198826798394566,0.6427909848718741,1.0,0.0,9,0.6583333333333333,extra
120,1.0,0.0,20261011,0.5305185185185185,0.6954074074074075,1.0,1.0,7,0.625,extra
120,1.0,0.0,20261011,0.409688995215311,0.6016746411483254,0.01,0.0,9,0.6333333333333333,extra
120,1.0,0.0,20261011,0.4660389008953381,0.5,0.01,0.5,0,0.6583333333333333,extra
120,1.0,0.0,20261011,0.44369747899159656,0.5,0.01,0.5,0,0.7083333333333334,extra
120,1.0,0.0,20261011,0.4658119658119658,0.6242481798037354,0.01,0.0,9,0.675,extra
120,1.0,0.0,20261011,0.3588217338217338,0.5,0.01,0.5,0,0.65,extra
120,1.0,0.0,20261011,0.5423972405863754,0.6361023282552457,0.1,0.5,3,0.5916666666666667,extra
120,1.0,0.0,20261011,0.5140415140415141,0.6196581196581197,0.1,0.5,2,0.65,extra
120,1.0,0.0,20261011,0.44871411483253587,0.5,0.01,0.5,0,0.6333333333333333,extra
120,1.0,0.0,20261011,0.596910521713786,0.704167881084232,1.0,0.5,8,0.6083333333333333,extra
120,1.0,0.0,20261011,0.4348148148148148,0.6766666666666667,1.0,0.0,9,0.75,extra
120,1.0,0.0,20261011,0.4886079466518477,0.5,0.01,0.5,0,0.49166666666666664,extra
120,1.0,0.0,20261011,0.5437968088570498,0.6453923803321393,0.01,0.0,9,0.6916666666666667,extra
120,1.0,0.0,20261011,0.47095635430038507,0.6489088575096277,0.1,0.0,9,0.6833333333333333,extra
120,1.0,0.0,20261011,0.4634146341463415,0.5,0.01,0.5,0,0.6833333333333333,extra
120,1.0,0.0,20261011,0.48379129360913864,0.6017289286816919,0.01,0.0,9,0.6583333333333333,extra
120,1.0,0.0,20261011,0.4205770912270475,0.6907607111629261,1.0,0.0,9,0.6083333333333333,extra
120,1.0,0.0,20261011,0.5066445182724252,0.6587133796436122,1.0,1.0,4,0.6416666666666667,extra
120,1.0,0.0,20261011,0.4242016806722689,0.6796638655462185,1.0,0.0,9,0.7083333333333334,extra
120,1.0,0.0,20261011,0.4864163614163614,0.6138583638583639,0.01,0.0,9,0.65,extra
120,1.0,0.0,20261011,0.5033577533577533,0.6121794871794872,0.1,0.5,2,0.65,extra
120,1.0,0.0,20261011,0.4963369963369964,0.681013431013431,0.1,0.0,9,0.65,extra
120,1.0,0.0,20261011,0.4814923619271445,0.5,0.01,0.5,0,0.6166666666666667,extra
120,1.0,0.0,20261011,0.4526909722222222,0.6539351851851851,1.0,0.5,8,0.6,extra
120,1.0,0.0,20261011,0.5831111111111111,0.6551111111111111,0.1,0.5,3,0.625,extra
120,1.0,0.0,20261011,0.35416666666666663,0.5,0.01,0.5,0,0.6,extra
120,1.0,0.0,20261011,0.4368988633051588,0.5,0.01,0.5,0,0.6083333333333333,extra
120,1.0,0.0,20261011,0.6042165071770335,0.7030502392344498,0.1,0.0,9,0.6333333333333333,extra
120,1.0,0.0,20261011,0.43984375000000003,0.5884375000000001,0.01,0.0,9,0.6666666666666666,extra
120,1.0,0.0,20261011,0.5548172757475083,0.6665659921473874,0.1,0.0,9,0.6416666666666667,extra
120,1.0,0.0,20261011,0.39564732142857145,0.5,0.01,0.5,0,0.5333333333333333,extra
120,1.0,0.0,20261011,0.5697478991596638,0.6489075630252101,0.1,0.5,2,0.7083333333333334,extra
120,1.0,0.0,20261011,0.66384778012685,0.7505285412262157,1.0,0.0,9,0.6416666666666667,extra
120,1.0,0.0,20261011,0.48676429174880315,0.6057448606026472,0.01,0.0,9,0.5583333333333333,extra
120,1.0,0.0,20261011,0.4603407755581669,0.6330787309048178,0.01,0.0,9,0.6166666666666667,extra
120,1.0,0.0,20261011,0.45707934336525313,0.5,0.01,0.5,0,0.7166666666666667,extra
120,1.0,0.0,20261011,0.4318936877076412,0.5,0.01,0.5,0,0.6416666666666667,extra
120,1.0,0.0,20261011,0.5389099387933547,0.6183328475663072,0.1,0.5,2,0.6083333333333333,extra
120,1.0,0.0,20261011,0.410962962962963,0.6127407407407407,1.0,1.0,5,0.625,extra
120,1.0,0.0,20261011,0.4766903365236184,0.6980549552330967,1.0,0.0,9,0.6583333333333333,extra
120,1.0,0.0,20261011,0.5071875,0.639375,0.01,0.0,9,0.6666666666666666,extra
120,1.0,0.0,20261011,0.618923611111111,0.7022569444444445,1.0,1.0,7,0.6,extra
120,1.0,0.0,20261011,0.48106546854942234,0.6713735558408217,1.0,0.0,9,0.6833333333333333,extra
120,1.0,0.0,20261011,0.5498575498575499,0.7049699271921495,1.0,1.0,6,0.675,extra
120,1.0,0.0,20261011,0.5067586595325261,0.5,0.01,0.5,0,0.5583333333333333,extra
120,1.0,0.0,20261011,0.430962962962963,0.5,0.01,0.5,0,0.625,extra
120,1.0,0.0,20261011,0.4115070975536092,0.5744488070069466,0.1,0.5,1,0.6416666666666667,extra
120,1.0,0.0,20261011,0.6536296296296297,0.7016296296296296,0.01,0.0,9,0.625,extra
120,1.0,0.0,20261011,0.5430038510911425,0.6026957637997433,0.01,0.0,9,0.6833333333333333,extra
120,1.0,0.0,20261011,0.45531250000000006,0.6640625,1.0,0.5,9,0.6666666666666666,extra
120,1.0,0.0,20261011,0.46691991136435573,0.6198163975941753,0.01,0.0,9,0.675,extra
120,1.0,0.0,20261011,0.46277665995975853,0.6961770623742456,1.0,1.0,7,0.5916666666666667,extra
120,1.0,0.0,20261011,0.576388888888889,0.7017195767195766,1.0,1.0,5,0.7,extra
120,1.0,0.0,20261011,0.5903110047846889,0.7482057416267942,1.0,1.0,9,0.6333333333333333,extra
120,1.0,0.0,20261011,0.5052910052910053,0.5,0.01,0.5,0,0.7,extra
120,1.0,0.0,20261011,0.5107840279801806,0.6656951326143982,1.0,0.5,8,0.6083333333333333,extra
120,1.0,0.0,20261011,0.4731457800511508,0.6678033532253481,1.0,0.0,9,0.575,extra
120,1.0,0.0,20261011,0.5346569139672588,0.6778126088470916,1.0,1.0,6,0.725,extra
120,1.0,0.0,20261011,0.5089514066496164,0.6050014208581983,0.01,0.0,9,0.575,extra
120,1.0,0.0,20261011,0.45348148148148154,0.6948148148148149,1.0,0.5,7,0.625,extra
120,1.0,0.0,20261011,0.4705714285714286,0.6118571428571428,0.1,0.5,1,0.5833333333333334,extra
120,1.0,0.0,20261011,0.4694285714285714,0.6288571428571429,0.1,0.5,1,0.5833333333333334,extra
120,1.0,0.0,20261011,0.5357142857142857,0.6773504273504274,0.1,0.0,9,0.65,extra
120,1.0,0.0,20261011,0.4680886243386243,0.5,0.01,0.5,0,0.7,extra
120,1.0,0.0,20261011,0.5539284708532808,0.689383272317657,1.0,0.5,8,0.5583333333333333,extra
120,1.0,0.0,20261011,0.4396298472385429,0.625587544065805,0.1,0.5,1,0.6166666666666667,extra
120,1.0,0.0,20261011,0.5504404660414891,0.6962205171923842,0.1,0.5,3,0.575,extra
120,1.0,0.0,20261011,0.40677429566318457,0.5,0.01,0.5,0,0.675,extra
120,1.0,0.0,20261011,0.4410885167464115,0.6435406698564593,1.0,0.0,9,0.6333333333333333,extra
120,1.0,0.0,20261011,0.4141973298599804,0.5,0.01,0.5,0,0.6916666666666667,extra
120,1.0,0.0,20261011,0.5,0.5,0.01,0.5,0,0.5833333333333334,extra
120,1.0,0.0,20261011,0.5109999999999999,0.6084285714285714,0.1,0.5,2,0.5833333333333334,extra
120,1.0,0.0,20261011,0.43284493284493286,0.6343101343101344,0.1,0.0,9,0.65,extra
120,1.0,0.0,20261011,0.5107729138166894,0.5,0.01,0.5,0,0.7166666666666667,extra
120,1.0,0.0,20261011,0.5115740740740742,0.6023478835978836,0.1,0.5,1,0.7,extra
120,1.0,0.0,20261011,0.5114468864468864,0.5943223443223443,0.01,0.0,9,0.65,extra
120,1.0,0.0,20261011,0.5743243243243243,0.6730317273795534,1.0,0.0,9,0.6166666666666667,extra
120,1.0,0.0,20261011,0.43925518925518925,0.5,0.01,0.5,0,0.65,extra
120,1.0,0.0,20261011,0.5472368014819389,0.6921889472059278,1.0,0.0,9,0.6583333333333333,extra
120,1.0,0.0,20261011,0.4785067873303167,0.5,0.01,0.5,0,0.5666666666666667,extra
120,1.0,0.0,20261011,0.5804892781636968,0.6991845363938387,1.0,0.0,9,0.6416666666666667,extra
120,1.0,0.0,20261011,0.5299773755656109,0.6194852941176471,0.1,0.5,1,0.5666666666666667,extra
120,1.0,0.0,20261011,0.5416270971826527,0.7182652738208293,0.1,0.0,9,0.675,extra
120,1.0,0.0,20261011,0.49470474967907574,0.5,0.01,0.5,0,0.6833333333333333,extra
120,1.0,0.0,20261011,0.5026913875598087,0.6395035885167464,0.1,0.5,2,0.6333333333333333,extra
120,1.0,0.0,20261011,0.5819993959528843,0.6997885835095138,1.0,0.5,7,0.6416666666666667,extra
120,1.0,0.0,20261011,0.46742724867724866,0.5,0.01,0.5,0,0.7,extra
120,1.0,0.0,20261011,0.40408357075023743,0.6479898702120923,1.0,1.0,7,0.675,extra
120,1.0,0.0,20261011,0.5578703703703703,0.6555266203703703,0.1,0.5,3,0.6,extra
120,1.0,0.0,20261011,0.5508909694956207,0.7173059498640895,1.0,0.0,9,0.6416666666666667,extra
120,1.0,0.0,20261011,0.4782543038356991,0.5,0.01,0.5,0,0.6416666666666667,extra
120,1.0,0.0,20261011,0.4436383928571429,0.5,0.01,0.5,0,0.5333333333333333,extra
120,1.0,0.0,20261011,0.5488195861264937,0.6960069950451764,1.0,1.0,6,0.6083333333333333,extra
120,1.0,0.0,20261011,0.5487804878048781,0.6967265725288831,1.0,1.0,9,0.6833333333333333,extra
120,1.0,0.0,20261011,0.4083761232349166,0.5,0.01,0.5,0,0.6833333333333333,extra
120,1.0,0.0,20261011,0.4562279670975323,0.608695652173913,0.01,0.0,9,0.6166666666666667,extra
120,1.0,0.0,20261011,0.4345714285714286,0.5,0.01,0.5,0,0.5833333333333334,extra
120,1.0,0.0,20261011,0.471830985915493,0.6792181661396953,1.0,0.0,9,0.5916666666666667,extra
120,1.0,0.0,20261011,0.4078125,0.5,0.01,0.5,0,0.6666666666666666,extra
120,1.0,0.0,20261011,0.4608888888888889,0.6281481481481481,0.01,0.0,9,0.625,extra
120,1.0,0.0,20261011,0.45795043163464216,0.6360345307713728,1.0,0.5,7,0.525,extra
120,1.0,0.0,20261011,0.4958320469280642,0.6460327261500463,1.0,1.0,3,0.6583333333333333,extra
120,1.0,0.0,20261011,0.45072751322751325,0.664021164021164,1.0,0.0,9,0.7,extra
120,1.0,0.0,20261011,0.45640625,0.6746875,0.1,0.0,9,0.6666666666666666,extra
120,1.0,0.0,20261011,0.46518518518518515,0.5,0.01,0.5,0,0.625,extra
120,1.0,0.0,20261011,0.4898648648648649,0.6266157461809636,0.1,0.5,2,0.6166666666666667,extra
120,1.0,0.0,20261011,0.5816671360180231,0.6688256829062236,0.01,0.0,9,0.5583333333333333,extra
120,1.0,0.0,20261011,0.4787234042553191,0.5,0.01,0.5,0,0.6083333333333333,extra
120,1.0,0.0,20261011,0.5785736338376042,0.682309354739117,0.01,0.0,9,0.6583333333333333,extra
120,1.0,0.0,20261011,0.40243902439024387,0.5,0.01,0.5,0,0.6583333333333333,extra
120,1.0,0.0,20261011,0.5231065468549422,0.5,0.01,0.5,0,0.6833333333333333,extra
120,1.0,0.0,20261011,0.46735645584377733,0.5,0.01,0.5,0,0.6083333333333333,extra
120,1.0,0.0,20261011,0.5828959555418339,0.6324482865081815,0.1,0.5,2,0.6583333333333333,extra
120,1.0,0.0,20261011,0.3736296296296297,0.629925925925926,0.1,0.0,9,0.625,extra
120,1.0,0.0,20261011,0.38020833333333337,0.6102430555555556,1.0,1.0,7,0.6,extra
120,1.0,0.0,20261011,0.41679530719357827,0.5,0.01,0.5,0,0.6583333333333333,extra
120,1.0,0.0,20261011,0.6462486408118884,0.7383109822399421,1.0,0.0,9,0.7416666666666667,extra
120,1.0,0.0,20261011,0.41527599486521183,0.5,0.01,0.5,0,0.6833333333333333,extra
120,1.0,0.0,20261011,0.4163509180996794,0.5,0.01,0.5,0,0.6083333333333333,extra
120,1.0,0.0,20261011,0.4625289351851853,0.5,0.01,0.5,0,0.6,extra
120,1.0,0.0,20261011,0.5496411483253588,0.7177033492822966,1.0,0.5,8,0.6333333333333333,extra
120,1.0,0.0,20261011,0.4788359788359789,0.6693121693121693,0.1,0.0,9,0.7,extra
120,1.0,0.0,20261011,0.5740155217016384,0.704225352112676,0.1,0.0,9,0.5916666666666667,extra
120,1.0,0.0,20261011,0.46621848739495797,0.5,0.01,0.5,0,0.7083333333333334,extra
120,1.0,0.0,20261011,0.5095798319327731,0.6322689075630253,0.01,0.0,9,0.7083333333333334,extra
120,1.0,0.0,20261011,0.5449293966623876,0.6456996148908858,0.1,0.5,2,0.6833333333333333,extra
120,1.0,0.0,20261011,0.6542142636616239,0.7434393331275085,0.1,0.0,9,0.6583333333333333,extra
120,1.0,0.0,20261011,0.6849894291754757,0.7544548474781033,0.1,0.5,4,0.6416666666666667,extra
120,1.0,0.0,20261011,0.4543703703703703,0.5,0.01,0.5,0,0.625,extra
120,1.0,0.0,20261011,0.4025974025974026,0.5,0.01,0.5,0,0.6416666666666667,extra
120,1.0,0.0,20261011,0.4745813397129186,0.5633971291866029,0.01,0.0,9,0.6333333333333333,extra
120,1.0,0.0,20261011,0.4387500000000001,0.5,0.01,0.5,0,0.6666666666666666,extra
120,1.0,0.0,20261011,0.3751495215311004,0.5792464114832536,0.1,0.5,2,0.6333333333333333,extra
120,1.0,0.0,20261011,0.5185406698564593,0.6046650717703349,0.01,0.0,9,0.6333333333333333,extra
120,1.0,0.0,20261011,0.5420740740740742,0.6865185185185185,0.1,0.0,9,0.625,extra
120,1.0,0.0,20261011,0.519782543038357,0.6232256115977046,0.1,0.5,1,0.6416666666666667,extra
120,1.0,0.0,20261011,0.5517746662324975,0.7059589710192119,1.0,1.0,8,0.6916666666666667,extra
120,1.0,0.0,20261011,0.4709375,0.5,0.01,0.5,0,0.6666666666666666,extra
120,1.0,0.0,20261011,0.5390716803760282,0.6254406580493537,0.01,0.0,9,0.6166666666666667,extra
120,1.0,0.0,20261011,0.4782543038356991,0.5,0.01,0.5,0,0.6416666666666667,extra
120,1.0,0.0,20261011,0.5820873205741627,0.7048444976076554,0.1,0.0,9,0.6333333333333333,extra
120,1.0,0.0,20261011,0.43917875887619634,0.6048163013275702,0.1,0.5,2,0.6583333333333333,extra
120,1.0,0.0,20261011,0.4515555555555556,0.5,0.01,0.5,0,0.625,extra
120,1.0,0.0,20261011,0.4863607188703466,0.5,0.01,0.5,0,0.6833333333333333,extra
120,1.0,0.0,20261011,0.40709841628959276,0.5,0.01,0.5,0,0.5666666666666667,extra
120,1.0,0.0,20261011,0.3811361531336832,0.5,0.01,0.5,0,0.6583333333333333,extra
120,1.0,0.0,20261011,0.44514590347923677,0.5,0.01,0.5,0,0.55,extra
120,1.0,0.0,20261011,0.6244212962962963,0.7494212962962963,1.0,0.0,9,0.6,extra
120,1.0,0.0,20261011,0.47077546296296297,0.5813078703703705,0.01,0.0,9,0.6,extra
120,1.0,0.0,20261011,0.44558113100312585,0.6189258312020461,0.01,0.0,9,0.575,extra
120,1.0,0.0,20261011,0.5112942612942613,0.7203907203907204,1.0,1.0,8,0.65,extra
120,1.0,0.0,20261011,0.48045415349238285,0.5,0.01,0.5,0,0.5916666666666667,extra
120,1.0,0.0,20261011,0.4997062279670975,0.6014982373678026,0.1,0.5,1,0.6166666666666667,extra
120,1.0,0.0,20261011,0.4279100529100529,0.6587301587301587,0.1,0.5,2,0.7,extra
120,1.0,0.0,20261011,0.4445970695970696,0.6285103785103785,0.01,0.0,9,0.65,extra
120,1.0,0.0,20261011,0.48090481786133965,0.5840188014101058,0.01,0.0,9,0.6166666666666667,extra
120,1.0,0.0,20261011,0.5635998765050941,0.6376968200061748,0.1,0.5,1,0.6583333333333333,extra
120,1.0,0.0,20261011,0.44169719169719174,0.6150793650793651,1.0,0.5,8,0.65,extra
120,1.0,0.0,20261011,0.48651851851851846,0.6177777777777778,0.1,0.5,4,0.625,extra
120,1.0,0.0,20261011,0.46993284493284493,0.5811965811965812,0.1,0.5,1,0.65,extra
120,1.0,0.0,20261011,0.4533492822966507,0.5,0.01,0.5,0,0.6333333333333333,extra
120,1.0,0.0,20261011,0.6184785776741475,0.7181579714368989,1.0,1.0,7,0.6083333333333333,extra
120,1.0,0.0,20261011,0.47187500000000004,0.6696875,0.1,0.0,9,0.6666666666666666,extra
120,1.0,0.0,20261011,0.49038181288254157,0.6039055668901195,0.1,0.5,1,0.6083333333333333,extra
120,1.0,0.0,20261011,0.4146857701074569,0.5,0.01,0.5,0,0.6916666666666667,extra
120,1.0,0.0,20261011,0.49898726851851855,0.6281828703703702,0.01,0.0,9,0.6,extra
120,1.0,0.0,20261011,0.4648942420681551,0.637485311398355,0.01,0.0,9,0.6166666666666667,extra
120,1.0,0.0,20261011,0.3830369357045144,0.5827633378932969,0.01,0.0,9,0.7166666666666667,extra
120,1.0,0.0,20261011,0.44025065578548533,0.6036141066744389,0.01,0.0,9,0.6083333333333333,extra
120,1.0,0.0,20261011,0.5431134259259259,0.7019675925925926,1.0,0.0,9,0.6,extra
120,1.0,0.0,20261011,0.4898702120924343,0.6904083570750237,1.0,0.0,9,0.675,extra
120,1.0,0.0,20261011,0.586529749320447,0.6895197825430384,0.1,0.0,9,0.6416666666666667,extra
120,1.0,0.0,20261011,0.54737870400521,0.647020514490394,0.01,0.0,9,0.6916666666666667,extra
120,1.0,0.0,20261011,0.4935326243173326,0.717160103478011,1.0,0.0,9,0.5916666666666667,extra
120,1.0,0.0,20261011,0.5801282051282052,0.6181318681318682,0.01,0.0,9,0.65,extra
120,1.0,0.0,20261011,0.36183310533515733,0.6138850889192886,0.01,0.0,9,0.7166666666666667,extra
120,1.0,0.0,20261011,0.48195510088093213,0.5,0.01,0.5,0,0.575,extra
120,1.0,0.0,20261011,0.5351037851037852,0.6294261294261294,0.01,0.0,9,0.65,extra
120,1.0,0.0,20261011,0.5317999382525471,0.607131830811979,0.1,0.5,1,0.6583333333333333,extra
120,1.0,0.0,20261011,0.5210690045248869,0.6875,1.0,0.0,9,0.5666666666666667,extra
120,1.0,0.0,20261011,0.4797037037037037,0.6524444444444444,0.1,0.0,9,0.625,extra
120,1.0,0.0,20261011,0.47329859980462385,0.5978508629111039,0.1,0.5,1,0.6916666666666667,extra
120,1.0,0.0,20261011,0.4942714453584019,0.5,0.01,0.5,0,0.6166666666666667,extra
120,1.0,0.0,20261011,0.4324162679425838,0.5,0.01,0.5,0,0.6333333333333333,extra
120,1.0,0.0,20261011,0.5298746721072574,0.629116875546488,0.1,0.5,2,0.6083333333333333,extra
120,1.0,0.0,20261011,0.49626196172248804,0.5988337320574162,0.1,0.5,2,0.6333333333333333,extra
120,1.0,0.0,20261011,0.5928125,0.66859375,0.1,0.5,3,0.6666666666666666,extra
120,1.0,0.0,20261011,0.42373461012311897,0.6303009575923393,1.0,0.0,9,0.7166666666666667,extra
120,1.0,0.0,20261011,0.5108728480821504,0.6840833585019632,1.0,0.0,9,0.6416666666666667,extra
120,1.0,0.0,20261011,0.4651851851851852,0.682074074074074,1.0,0.0,9,0.625,extra
120,1.0,0.0,20261011,0.5540624999999999,0.7100000000000001,1.0,1.0,7,0.6666666666666666,extra
120,1.0,0.0,20261011,0.5565682870370371,0.6087962962962963,0.01,0.0,9,0.6,extra
120,1.0,0.0,20261011,0.45644444444444443,0.5,0.01,0.5,0,0.625,extra
120,1.0,0.0,20261011,0.53296875,0.6456250000000001,0.01,0.0,9,0.6666666666666666,extra
120,1.0,0.0,20261011,0.6485955904560555,0.7417698580489278,1.0,0.0,9,0.6416666666666667,extra
120,1.0,0.0,20261011,0.4553874652670577,0.6048163013275702,0.1,0.5,2,0.6583333333333333,extra
120,1.0,0.0,20261011,0.48369737258626144,0.5,0.01,0.5,0,0.675,extra
120,1.0,0.0,20261011,0.5997442455242967,0.6945154873543621,1.0,1.0,7,0.575,extra
120,1.0,0.0,20261011,0.6115977046209604,0.6991845363938387,1.0,0.0,9,0.6416666666666667,extra
120,1.0,0.0,20261011,0.44781250000000006,0.5,0.01,0.5,0,0.6666666666666666,extra
120,1.0,0.0,20261011,0.43434343434343436,0.5,0.01,0.5,0,0.725,extra
120,1.0,0.0,20261011,0.5669856459330143,0.6907894736842106,1.0,0.0,9,0.6333333333333333,extra
120,1.0,0.0,20261011,0.4842796092796092,0.6394993894993894,0.01,0.0,9,0.65,extra
120,1.0,0.0,20261011,0.5093333333333334,0.6776296296296297,0.1,0.5,4,0.625,extra
120,1.0,0.0,20261011,0.505,0.611,0.1,0.5,1,0.5833333333333334,extra
120,1.0,0.0,20261011,0.642512077294686,0.6926683716965046,0.1,1.0,1,0.575,extra
120,1.0,0.0,20261011,0.47532314923619273,0.6847826086956521,1.0,1.0,7,0.6166666666666667,extra
120,1.0,0.0,20261011,0.5324675324675325,0.6043491392328602,0.01,0.0,9,0.6416666666666667,extra
120,1.0,0.0,20261011,0.48486990950226244,0.5,0.01,0.5,0,0.5666666666666667,extra
120,1.0,0.0,20261011,0.5907595693779903,0.6531100478468899,0.01,0.0,9,0.6333333333333333,extra
120,1.0,0.0,20261011,0.5157456004939797,0.6384686631676443,0.01,0.0,9,0.6583333333333333,extra
120,1.0,0.0,20261011,0.422970052485335,0.6035813522692188,0.1,0.5,2,0.6583333333333333,extra
120,1.0,0.0,20261011,0.44346240179573515,0.5,0.01,0.5,0,0.55,extra
120,1.0,0.0,20261011,0.4708148148148148,0.5961481481481482,0.01,0.0,9,0.625,extra
120,1.0,0.0,20261011,0.4197048611111111,0.5980902777777778,0.01,0.0,9,0.6,extra
120,1.0,0.0,20261011,0.5608465608465608,0.634589947089947,0.01,0.0,9,0.7,extra
120,1.0,0.0,20261011,0.545625,0.5906250000000001,0.01,0.0,9,0.6666666666666666,extra
120,1.0,0.0,20261011,0.46941638608305275,0.5,0.01,0.5,0,0.55,extra
120,1.0,0.0,20261011,0.5067997685185185,0.5,0.01,0.5,0,0.6,extra
120,1.0,0.0,20261011,0.46209490740740744,0.5,0.01,0.5,0,0.6,extra
120,1.0,0.0,20261011,0.5243055555555556,0.677662037037037,0.1,0.0,9,0.6,extra
120,1.0,0.0,20261011,0.4042962962962963,0.5,0.01,0.5,0,0.625,extra
120,1.0,0.0,20261011,0.4645457423235201,0.5,0.01,0.5,0,0.675,extra
120,1.0,0.0,20261011,0.47656250000000006,0.5,0.01,0.5,0,0.6,extra
120,1.0,0.0,20261011,0.4891493055555556,0.5,0.01,0.5,0,0.6,extra
120,1.0,0.0,20261011,0.43145555193747964,0.5,0.01,0.5,0,0.6916666666666667,extra
120,1.0,0.0,20261011,0.5141010575793185,0.5,0.01,0.5,0,0.6166666666666667,extra
120,1.0,0.0,20261011,0.5417156286721504,0.600470035252644,0.01,0.0,9,0.6166666666666667,extra
120,1.0,0.0,20261011,0.45890410958904104,0.5,0.01,0.5,0,0.6083333333333333,extra
120,1.0,0.0,20261011,0.40992592592592586,0.5,0.01,0.5,0,0.625,extra
120,1.0,0.0,20261011,0.37318518518518523,0.5,0.01,0.5,0,0.625,extra
120,1.0,0.0,20261011,0.4719169719169719,0.622100122100122,0.01,0.0,9,0.65,extra
120,1.0,0.0,20261011,0.5237540075779655,0.6814339842611483,1.0,0.0,9,0.6083333333333333,extra
120,1.0,0.0,20261011,0.47784902360827747,0.5638297872340426,0.1,0.5,1,0.6083333333333333,extra
120,1.0,0.0,20261011,0.6164955070603337,0.6649550706033376,0.01,0.0,9,0.6833333333333333,extra
120,1.0,0.0,20261011,0.4361111111111111,0.7281481481481482,1.0,0.5,9,0.75,extra
120,1.0,0.0,20261011,0.3794642857142857,0.6028439153439153,0.1,0.5,1,0.7,extra
120,1.0,0.0,20261011,0.44214285714285717,0.5,0.01,0.5,0,0.5833333333333334,extra
